"MRC","Municipalite","Subvention"
"Abitibi","Amos","https://amos.quebec/medias/Couche-lavable-formulaire-subvention.pdf"
"Abitibi","Barraute","https://71748b48-536a-4845-9101-a9011d5929bd.filesusr.com/ugd/f80962_d3288360054f4373a02989af4965cb7a.pdf"
"Abitibi","Berry"
"Abitibi","Champneuf"
"Abitibi","La Corne"
"Abitibi","La Morandière"
"Abitibi","La Motte"
"Abitibi","Lac-Chicobi"
"Abitibi","Lac-Despinassy"
"Abitibi","Landrienne"
"Abitibi","Launay"
"Abitibi","Pikogan"
"Abitibi","Preissac"
"Abitibi","Rochebaucourt"
"Abitibi","Saint-Dominique-du-Rosaire"
"Abitibi","Saint-Félix-de-Dalquier"
"Abitibi","Saint-Marc-de-Figuery"
"Abitibi","Saint-Mathieu-d'Harricana"
"Abitibi","Sainte-Gertrude-Manneville"
"Abitibi","Trécesson"
"Abitibi-Ouest","Authier"
"Abitibi-Ouest","Authier-Nord"
"Abitibi-Ouest","Chazel"
"Abitibi-Ouest","Clermont"
"Abitibi-Ouest","Clerval"
"Abitibi-Ouest","Duparquet"
"Abitibi-Ouest","Dupuy"
"Abitibi-Ouest","Gallichan"
"Abitibi-Ouest","La Reine"
"Abitibi-Ouest","La Sarre","http://www.ville.lasarre.qc.ca/documents/pages/programme-aide-couches-lavables.pdf"
"Abitibi-Ouest","Lac-Duparquet"
"Abitibi-Ouest","Macamic"
"Abitibi-Ouest","Normétal"
"Abitibi-Ouest","Palmarolle"
"Abitibi-Ouest","Poularies"
"Abitibi-Ouest","Rapide-Danseur"
"Abitibi-Ouest","Rivière-Ojima"
"Abitibi-Ouest","Roquemaure"
"Abitibi-Ouest","Saint-Lambert"
"Abitibi-Ouest","Sainte-Germaine-Boulé"
"Abitibi-Ouest","Sainte-Hélène-de-Mancebourg"
"Abitibi-Ouest","Taschereau"
"Abitibi-Ouest","Val-Saint-Gilles"
"Acton","Acton Vale"
"Acton","Béthanie","http://municipalitedebethanie.ca/services-offerts/"
"Acton","Roxton"
"Acton","Roxton Falls"
"Acton","Saint-Nazaire-d'Acton"
"Acton","Saint-Théodore-d'Acton"
"Acton","Sainte-Christine"
"Acton","Upton"
"Administration régionale Kativik","Akulivik"
"Administration régionale Kativik","Aupaluk"
"Administration régionale Kativik","Baie-d'Hudson"
"Administration régionale Kativik","Inukjuak"
"Administration régionale Kativik","Ivujivik"
"Administration régionale Kativik","Kangiqsualujjuaq"
"Administration régionale Kativik","Kangiqsujuaq"
"Administration régionale Kativik","Kangirsuk"
"Administration régionale Kativik","Kawawachikamach"
"Administration régionale Kativik","Killiniq"
"Administration régionale Kativik","Kuujjuaq"
"Administration régionale Kativik","Kuujjuarapik"
"Administration régionale Kativik","Puvirnituq"
"Administration régionale Kativik","Quaqtaq"
"Administration régionale Kativik","Rivière-Koksoak"
"Administration régionale Kativik","Salluit"
"Administration régionale Kativik","Tasiujaq"
"Administration régionale Kativik","Umiujaq"
"Antoine-Labelle","Baie-des-Chaloupes"
"Antoine-Labelle","Chute-Saint-Philippe","https://www.chute-saint-philippe.ca/subvention-couches-lavables"
"Antoine-Labelle","Ferme-Neuve"
"Antoine-Labelle","Kiamika"
"Antoine-Labelle","L'Ascension"
"Antoine-Labelle","La Macaza"
"Antoine-Labelle","Lac-Akonapwehikan"
"Antoine-Labelle","Lac-Bazinet"
"Antoine-Labelle","Lac-De La Bidière"
"Antoine-Labelle","Lac-de-la-Maison-de-Pierre"
"Antoine-Labelle","Lac-de-la-Pomme"
"Antoine-Labelle","Lac-des-Écorces","https://www.lacdesecorces.ca/subvention-couches-lavables"
"Antoine-Labelle","Lac-Douaire"
"Antoine-Labelle","Lac-du-Cerf"
"Antoine-Labelle","Lac-Ernest"
"Antoine-Labelle","Lac-Marguerite"
"Antoine-Labelle","Lac-Oscar"
"Antoine-Labelle","Lac-Saguay"
"Antoine-Labelle","Lac-Saint-Paul"
"Antoine-Labelle","Lac-Wagwabika"
"Antoine-Labelle","Mont-Laurier"
"Antoine-Labelle","Mont-Saint-Michel"
"Antoine-Labelle","Nominingue"
"Antoine-Labelle","Notre-Dame-de-Pontmain"
"Antoine-Labelle","Notre-Dame-du-Laus"
"Antoine-Labelle","Rivière-Rouge"
"Antoine-Labelle","Saint-Aimé-du-Lac-des-Îles"
"Antoine-Labelle","Sainte-Anne-du-Lac"
"Argenteuil","Brownsburg-Chatham","https://www.riadm.ca/index.php/nos-activites/programme-daide-financiere-couches-lavables/"
"Argenteuil","Gore"
"Argenteuil","Grenville"
"Argenteuil","Grenville-sur-la-Rouge"
"Argenteuil","Harrington"
"Argenteuil","Lachute","https://www.riadm.ca/index.php/nos-activites/programme-daide-financiere-couches-lavables/"
"Argenteuil","Mille-Isles"
"Argenteuil","Saint-André-d'Argenteuil","https://www.riadm.ca/index.php/nos-activites/programme-daide-financiere-couches-lavables/"
"Argenteuil","Wentworth"
"Arthabaska","Chesterville","https://cdn.shopify.com/s/files/1/0370/8531/5131/files/Depliant_couches_lavables.pdf?v=1594734215"
"Arthabaska","Daveluyville"
"Arthabaska","Ham-Nord"
"Arthabaska","Kingsey Falls","https://www.kingseyfalls.ca/documents/subvention/depliant-couches-de-coton.pdf"
"Arthabaska","Maddington Falls"
"Arthabaska","Notre-Dame-de-Ham"
"Arthabaska","Saint-Albert"
"Arthabaska","Saint-Christophe-d'Arthabaska"
"Arthabaska","Saint-Louis-de-Blandford"
"Arthabaska","Saint-Norbert-d'Arthabaska"
"Arthabaska","Saint-Rémi-de-Tingwick"
"Arthabaska","Saint-Rosaire"
"Arthabaska","Saint-Samuel"
"Arthabaska","Saint-Valère"
"Arthabaska","Sainte-Clotilde-de-Horton"
"Arthabaska","Sainte-Élizabeth-de-Warwick"
"Arthabaska","Sainte-Hélène-de-Chester"
"Arthabaska","Sainte-Séraphine"
"Arthabaska","Saints-Martyrs-Canadiens"
"Arthabaska","Tingwick","https://www.tingwick.ca/articles/subvention-pour-l-utilisation-de-couches-lavables"
"Arthabaska","Victoriaville","https://www.victoriaville.ca/page/1358/subvention-pour-lutilisation-des-couches-lavables.aspx"
"Arthabaska","Warwick"
"Avignon","Carleton-sur-Mer","https://carletonsurmer.com/osons-vert/"
"Avignon","Escuminac"
"Avignon","Gesgapegiag"
"Avignon","L'Ascension-de-Patapédia"
"Avignon","Listuguj"
"Avignon","Maria"
"Avignon","Matapédia"
"Avignon","Nouvelle"
"Avignon","Pointe-à-la-Croix"
"Avignon","Ristigouche-Partie-Sud-Est"
"Avignon","Rivière-Nouvelle"
"Avignon","Ruisseau-Ferguson"
"Avignon","Saint-Alexis-de-Matapédia"
"Avignon","Saint-André-de-Restigouche"
"Avignon","Saint-François-d'Assise"
"Beauce-Centre","Beauceville"
"Beauce-Centre","Saint-Alfred"
"Beauce-Centre","Saint-Frédéric"
"Beauce-Centre","Saint-Joseph-de-Beauce"
"Beauce-Centre","Saint-Joseph-des-Érables"
"Beauce-Centre","Saint-Jules"
"Beauce-Centre","Saint-Odilon-de-Cranbourne"
"Beauce-Centre","Saint-Séverin"
"Beauce-Centre","Saint-Victor"
"Beauce-Centre","Tring-Jonction"
"Beauce-Sartigan","La Guadeloupe"
"Beauce-Sartigan","Lac-Poulin"
"Beauce-Sartigan","Notre-Dame-des-Pins"
"Beauce-Sartigan","Saint-Benoît-Labre"
"Beauce-Sartigan","Saint-Côme--Linière"
"Beauce-Sartigan","Saint-Éphrem-de-Beauce"
"Beauce-Sartigan","Saint-Évariste-de-Forsyth"
"Beauce-Sartigan","Saint-Gédéon-de-Beauce"
"Beauce-Sartigan","Saint-Georges","http://www.saint-georges.ca/vivre-a-saint-georges/environnement/couches-lavables/"
"Beauce-Sartigan","Saint-Hilaire-de-Dorset"
"Beauce-Sartigan","Saint-Honoré-de-Shenley"
"Beauce-Sartigan","Saint-Martin"
"Beauce-Sartigan","Saint-Philibert"
"Beauce-Sartigan","Saint-René"
"Beauce-Sartigan","Saint-Simon-les-Mines"
"Beauce-Sartigan","Saint-Théophile"
"Beauharnois-Salaberry","Beauharnois","https://ville.beauharnois.qc.ca/subvention-pour-lachat-de-couches-lavables/"
"Beauharnois-Salaberry","Saint-Étienne-de-Beauharnois"
"Beauharnois-Salaberry","Saint-Louis-de-Gonzague","http://saint-louis-de-gonzague.com/news/couches-lavables/"
"Beauharnois-Salaberry","Saint-Stanislas-de-Kostka"
"Beauharnois-Salaberry","Saint-Urbain-Premier"
"Beauharnois-Salaberry","Sainte-Martine","https://sainte-martine.ca/municipalite/administration-et-finances/subventions/"
"Beauharnois-Salaberry","Salaberry-de-Valleyfield","https://www.ville.valleyfield.qc.ca/couches-lavables"
"Bécancour","Bécancour","https://www.rigidbny.com/achateco/#coucheslavables"
"Bécancour","Deschaillons-sur-Saint-Laurent","https://www.mrclotbiniere.org/services-aux-citoyens/programmes-et-mesures/couches-reutilisables/"
"Bécancour","Fortierville","https://www.mrclotbiniere.org/services-aux-citoyens/programmes-et-mesures/couches-reutilisables/"
"Bécancour","Lemieux","https://www.rigidbny.com/achateco/#coucheslavables"
"Bécancour","Manseau","https://www.rigidbny.com/achateco/#coucheslavables"
"Bécancour","Parisville","https://www.mrclotbiniere.org/services-aux-citoyens/programmes-et-mesures/couches-reutilisables/"
"Bécancour","Saint-Pierre-les-Becquets","https://www.rigidbny.com/achateco/#coucheslavables"
"Bécancour","Saint-Sylvère","https://www.rigidbny.com/achateco/#coucheslavables"
"Bécancour","Sainte-Cécile-de-Lévrard","https://www.rigidbny.com/achateco/#coucheslavables"
"Bécancour","Sainte-Françoise","https://www.mrclotbiniere.org/services-aux-citoyens/programmes-et-mesures/couches-reutilisables/"
"Bécancour","Sainte-Marie-de-Blandford","https://www.rigidbny.com/achateco/#coucheslavables"
"Bécancour","Sainte-Sophie-de-Lévrard","https://www.rigidbny.com/achateco/#coucheslavables"
"Bécancour","Wôlinak","https://www.rigidbny.com/achateco/#coucheslavables"
"Bellechasse","Armagh"
"Bellechasse","Beaumont"
"Bellechasse","Honfleur"
"Bellechasse","La Durantaye"
"Bellechasse","Notre-Dame-Auxiliatrice-de-Buckland"
"Bellechasse","Saint-Anselme"
"Bellechasse","Saint-Charles-de-Bellechasse"
"Bellechasse","Saint-Damien-de-Buckland"
"Bellechasse","Saint-Gervais"
"Bellechasse","Saint-Henri"
"Bellechasse","Saint-Lazare-de-Bellechasse"
"Bellechasse","Saint-Léon-de-Standon"
"Bellechasse","Saint-Malachie"
"Bellechasse","Saint-Michel-de-Bellechasse"
"Bellechasse","Saint-Nazaire-de-Dorchester"
"Bellechasse","Saint-Nérée-de-Bellechasse"
"Bellechasse","Saint-Philémon"
"Bellechasse","Saint-Raphaël"
"Bellechasse","Saint-Vallier"
"Bellechasse","Sainte-Claire"
"Bonaventure","Bonaventure"
"Bonaventure","Caplan"
"Bonaventure","Cascapédia--Saint-Jules"
"Bonaventure","Hope"
"Bonaventure","Hope Town"
"Bonaventure","New Carlisle"
"Bonaventure","New Richmond"
"Bonaventure","Paspébiac"
"Bonaventure","Rivière-Bonaventure"
"Bonaventure","Saint-Alphonse"
"Bonaventure","Saint-Elzéar"
"Bonaventure","Saint-Godefroi"
"Bonaventure","Saint-Siméon"
"Bonaventure","Shigawake"
"Brome-Missisquoi","Abercorn"
"Brome-Missisquoi","Bedford"
"Brome-Missisquoi","Bolton-Ouest"
"Brome-Missisquoi","Brigham"
"Brome-Missisquoi","Brome"
"Brome-Missisquoi","Bromont","https://www.bromont.net/services-aux-citoyens/environnement/subventions-environnementales/demande-de-remboursement-pour-des-couches-lavables/"
"Brome-Missisquoi","Cowansville","https://www.cowansville.ca/citoyens/environnement/subventions#subvention-pour-lachat-de-couches-lavables"
"Brome-Missisquoi","Dunham"
"Brome-Missisquoi","East Farnham"
"Brome-Missisquoi","Farnham","https://www.ville.farnham.qc.ca/wp-content/uploads/2016/06/Politique-couches.pdf"
"Brome-Missisquoi","Frelighsburg"
"Brome-Missisquoi","Lac-Brome"
"Brome-Missisquoi","Notre-Dame-de-Stanbridge"
"Brome-Missisquoi","Pike River"
"Brome-Missisquoi","Saint-Armand"
"Brome-Missisquoi","Saint-Ignace-de-Stanbridge"
"Brome-Missisquoi","Sainte-Sabine"
"Brome-Missisquoi","Stanbridge East"
"Brome-Missisquoi","Stanbridge Station"
"Brome-Missisquoi","Sutton"
"Caniapiscau","Caniapiscau"
"Caniapiscau","Fermont"
"Caniapiscau","Kawawachikamach"
"Caniapiscau","Lac-John"
"Caniapiscau","Lac-Juillet"
"Caniapiscau","Lac-Vacher"
"Caniapiscau","Matimekosh"
"Caniapiscau","Rivière-Mouchalagane"
"Caniapiscau","Schefferville"
"Charlevoix","Baie-Saint-Paul","https://saintpaul.quebec/services-aux-citoyens/politiques-programmes-soutien/"
"Charlevoix","L'Isle-aux-Coudres"
"Charlevoix","Lac-Pikauba"
"Charlevoix","Les Éboulements"
"Charlevoix","Petite-Rivière-Saint-François"
"Charlevoix","Saint-Hilarion"
"Charlevoix","Saint-Urbain"
"Charlevoix-Est","Baie-Sainte-Catherine","http://mescollectes.ca/programme-aide-financiere-couches-lavables/"
"Charlevoix-Est","Clermont","http://mescollectes.ca/programme-aide-financiere-couches-lavables/"
"Charlevoix-Est","La Malbaie","http://mescollectes.ca/programme-aide-financiere-couches-lavables/"
"Charlevoix-Est","Mont-Élie","http://mescollectes.ca/programme-aide-financiere-couches-lavables/"
"Charlevoix-Est","Notre-Dame-des-Monts","http://mescollectes.ca/programme-aide-financiere-couches-lavables/"
"Charlevoix-Est","Sagard","http://mescollectes.ca/programme-aide-financiere-couches-lavables/"
"Charlevoix-Est","Saint-Aimé-des-Lacs","http://mescollectes.ca/programme-aide-financiere-couches-lavables/"
"Charlevoix-Est","Saint-Irénée","http://mescollectes.ca/programme-aide-financiere-couches-lavables/"
"Charlevoix-Est","Saint-Siméon","http://mescollectes.ca/programme-aide-financiere-couches-lavables/"
"Coaticook","Barnston-Ouest","https://www.barnston-ouest.ca/fr/citoyen/familles-aines-et-loisirs.php"
"Coaticook","Coaticook","https://www.coaticook.ca/fr/services/politique-familiale.php"
"Coaticook","Compton","https://www.compton.ca/fr/citoyen/familles_aines_jeunes.php"
"Coaticook","Dixville"
"Coaticook","East Hereford"
"Coaticook","Martinville"
"Coaticook","Saint-Herménégilde","https://www.st-hermenegilde.ca/fr/citoyens/familles-et-aines.php"
"Coaticook","Saint-Malo"
"Coaticook","Saint-Venant-de-Paquette"
"Coaticook","Sainte-Edwidge-de-Clifton"
"Coaticook","Stanstead-Est"
"Coaticook","Waterville"
"Communauté maritime des Îles-de-la-Madeleine","Grosse-Île","https://www.muniles.ca/services-aux-citoyens/autres-liens/programmes-et-subventions-pour-les-citoyens/"
"Communauté maritime des Îles-de-la-Madeleine","Les Îles-de-la-Madeleine","https://www.muniles.ca/services-aux-citoyens/autres-liens/programmes-et-subventions-pour-les-citoyens/"
"D'Autray","Berthierville","http://www.mrcautray.qc.ca/programmes/aide-utilisation-couches-lavables/"
"D'Autray","La Visitation-de-l'Île-Dupas","http://www.mrcautray.qc.ca/programmes/aide-utilisation-couches-lavables/"
"D'Autray","Lanoraie","http://www.mrcautray.qc.ca/programmes/aide-utilisation-couches-lavables/"
"D'Autray","Lavaltrie","http://www.mrcautray.qc.ca/programmes/aide-utilisation-couches-lavables/"
"D'Autray","Mandeville","http://www.mrcautray.qc.ca/programmes/aide-utilisation-couches-lavables/"
"D'Autray","Saint-Barthélemy","http://www.mrcautray.qc.ca/programmes/aide-utilisation-couches-lavables/"
"D'Autray","Saint-Cléophas-de-Brandon","http://www.mrcautray.qc.ca/programmes/aide-utilisation-couches-lavables/"
"D'Autray","Saint-Cuthbert","http://www.mrcautray.qc.ca/programmes/aide-utilisation-couches-lavables/"
"D'Autray","Saint-Didace","http://www.mrcautray.qc.ca/programmes/aide-utilisation-couches-lavables/"
"D'Autray","Saint-Gabriel","http://www.mrcautray.qc.ca/programmes/aide-utilisation-couches-lavables/"
"D'Autray","Saint-Gabriel-de-Brandon","http://www.mrcautray.qc.ca/programmes/aide-utilisation-couches-lavables/"
"D'Autray","Saint-Ignace-de-Loyola","http://www.mrcautray.qc.ca/programmes/aide-utilisation-couches-lavables/"
"D'Autray","Saint-Norbert","http://www.mrcautray.qc.ca/programmes/aide-utilisation-couches-lavables/"
"D'Autray","Sainte-Élisabeth","http://www.mrcautray.qc.ca/programmes/aide-utilisation-couches-lavables/"
"D'Autray","Sainte-Geneviève-de-Berthier","http://www.mrcautray.qc.ca/programmes/aide-utilisation-couches-lavables/"
"Deux-Montagnes","Deux-Montagnes","https://www.ville.deux-montagnes.qc.ca/services-municipaux/services-aux-citoyens/programme-une-naissance-un-livre-un-arbre-un-environnement-sain/"
"Deux-Montagnes","Kanesatake"
"Deux-Montagnes","Oka","https://www.municipalite.oka.qc.ca/nouvelles-programme-d-aide-pour-l-achat-de-couches-lavables/"
"Deux-Montagnes","Pointe-Calumet","https://www.pointe-calumet.ca/programmes-et-subventions/"
"Deux-Montagnes","Saint-Eustache","https://www.saint-eustache.ca/citoyens-environnement/couches-lavables"
"Deux-Montagnes","Saint-Joseph-du-Lac","https://sjdl.qc.ca/services-municipaux/environnement/programmes-de-subvention/"
"Deux-Montagnes","Saint-Placide","http://www.riadm.ca/index.php/nos-activites/programme-daide-financiere-couches-lavables/"
"Deux-Montagnes","Sainte-Marthe-sur-le-Lac","http://www.ville.sainte-marthe-sur-le-lac.qc.ca/services-municipaux/environnement/subventions-environnementales/"
"Drummond","Drummondville"
"Drummond","Durham-Sud"
"Drummond","L'Avenir"
"Drummond","Lefebvre"
"Drummond","Notre-Dame-du-Bon-Conseil"
"Drummond","Saint-Bonaventure"
"Drummond","Saint-Cyrille-de-Wendover","https://www.stcyrille.qc.ca/documents/couches-lavables-politique-de-remboursement"
"Drummond","Saint-Edmond-de-Grantham"
"Drummond","Saint-Eugène"
"Drummond","Saint-Félix-de-Kingsey"
"Drummond","Saint-Germain-de-Grantham"
"Drummond","Saint-Guillaume"
"Drummond","Saint-Lucien"
"Drummond","Saint-Majorique-de-Grantham"
"Drummond","Saint-Pie-de-Guire"
"Drummond","Sainte-Brigitte-des-Saults"
"Drummond","Wickham"
"Gatineau","Gatineau"
"Jamésie","Chapais"
"Jamésie","Chibougamau"
"Jamésie","Eeyou Istchee Baie-James"
"Jamésie","Kiggaluk"
"Jamésie","Lebel-sur-Quévillon"
"Jamésie","Matagami","https://matagami.com/project/programme-de-subvention-couches-lavables/"
"Jamésie","Toponyme à venir"
"Joliette","Crabtree","https://crabtree.quebec/citoyens/politiques-diverses/"
"Joliette","Joliette"
"Joliette","Notre-Dame-de-Lourdes"
"Joliette","Notre-Dame-des-Prairies","https://www.notredamedesprairies.com/famille-et-communaute/programmes-de-subvention/"
"Joliette","Saint-Ambroise-de-Kildare"
"Joliette","Saint-Charles-Borromée"
"Joliette","Saint-Paul"
"Joliette","Saint-Pierre"
"Joliette","Saint-Thomas"
"Joliette","Sainte-Mélanie"
"Kamouraska","Kamouraska"
"Kamouraska","La Pocatière","https://www.lapocatiere.ca/services-aux-citoyens/programme-et-subventions/programme-de-subvention-a-lachat-de-couches-lavables/"
"Kamouraska","Mont-Carmel"
"Kamouraska","Petit-Lac-Sainte-Anne"
"Kamouraska","Picard"
"Kamouraska","Rivière-Ouelle"
"Kamouraska","Saint-Alexandre-de-Kamouraska","https://www.stalexkamouraska.com/pages/programmes-de-soutien"
"Kamouraska","Saint-André-de-Kamouraska"
"Kamouraska","Saint-Bruno-de-Kamouraska"
"Kamouraska","Saint-Denis-De La Bouteillerie"
"Kamouraska","Saint-Gabriel-Lalemant"
"Kamouraska","Saint-Germain-de-Kamouraska"
"Kamouraska","Saint-Joseph-de-Kamouraska"
"Kamouraska","Saint-Onésime-d'Ixworth"
"Kamouraska","Saint-Pacôme","http://www.st-pacome.ca/wp-content/uploads/2020/12/341-R%C3%A8glement-%C3%A9tablissant-un-programme-daide-financi%C3%A8re-pour-lachat-de-couches-lavables.pdf"
"Kamouraska","Saint-Pascal","https://villesaintpascal.com/programme-daide-municipal-pour-lachat-de-couches-lavables/"
"Kamouraska","Saint-Philippe-de-Néri"
"Kamouraska","Sainte-Anne-de-la-Pocatière"
"Kamouraska","Sainte-Hélène-de-Kamouraska"
"L'Assomption","Charlemagne"
"L'Assomption","L'Assomption","https://www.ville.lassomption.qc.ca/programmes-de-subvention/"
"L'Assomption","L'Épiphanie","http://www.lepiphanie.ca/programme-subvention"
"L'Assomption","Repentigny",Èhttps://repentigny.ca/services/citoyens/subventions/soins-personnels
"L'Assomption","Saint-Sulpice"
"L'Érable","Inverness"
"L'Érable","Laurierville"
"L'Érable","Lyster","https://lyster.ca/programmes-offerts/achat-de-couches-en-coton/"
"L'Érable","Notre-Dame-de-Lourdes"
"L'Érable","Plessisville","https://plessisville.quebec/affaires/programme-d-aide-financiere/couches-lavables/"
"L'Érable","Princeville"
"L'Érable","Saint-Ferdinand"
"L'Érable","Saint-Pierre-Baptiste"
"L'Érable","Sainte-Sophie-d'Halifax"
"L'Érable","Villeroy","https://www.mrclotbiniere.org/services-aux-citoyens/programmes-et-mesures/couches-reutilisables/"
"L'Île-d'Orléans","Saint-François-de-l'Île-d'Orléans","http://mrc.iledorleans.com/fra/services/pgmr-collecte-dechet-et-recyclage/reduction-a-la-source.asp"
"L'Île-d'Orléans","Saint-Jean-de-l'Île-d'Orléans","http://mrc.iledorleans.com/fra/services/pgmr-collecte-dechet-et-recyclage/reduction-a-la-source.asp"
"L'Île-d'Orléans","Saint-Laurent-de-l'Île-d'Orléans","http://mrc.iledorleans.com/fra/services/pgmr-collecte-dechet-et-recyclage/reduction-a-la-source.asp"
"L'Île-d'Orléans","Saint-Pierre-de-l'Île-d'Orléans","http://mrc.iledorleans.com/fra/services/pgmr-collecte-dechet-et-recyclage/reduction-a-la-source.asp"
"L'Île-d'Orléans","Sainte-Famille-de-l'Île-d'Orléans","http://mrc.iledorleans.com/fra/services/pgmr-collecte-dechet-et-recyclage/reduction-a-la-source.asp"
"L'Île-d'Orléans","Sainte-Pétronille","http://mrc.iledorleans.com/fra/services/pgmr-collecte-dechet-et-recyclage/reduction-a-la-source.asp"
"L'Islet","L'Islet"
"L'Islet","Saint-Adalbert"
"L'Islet","Saint-Aubert"
"L'Islet","Saint-Cyrille-de-Lessard"
"L'Islet","Saint-Damase-de-L'Islet"
"L'Islet","Saint-Jean-Port-Joli"
"L'Islet","Saint-Marcel"
"L'Islet","Saint-Omer"
"L'Islet","Saint-Pamphile"
"L'Islet","Saint-Roch-des-Aulnaies"
"L'Islet","Sainte-Félicité"
"L'Islet","Sainte-Louise"
"L'Islet","Sainte-Perpétue"
"L'Islet","Tourville"
"La Côte-de-Beaupré","Beaupré","https://www.villedebeaupre.com/pages/programmes-daide"
"La Côte-de-Beaupré","Boischatel","https://www.boischatel.ca/citoyens/couches-lavables/"
"La Côte-de-Beaupré","Château-Richer"
"La Côte-de-Beaupré","L'Ange-Gardien"
"La Côte-de-Beaupré","Lac-Jacques-Cartier"
"La Côte-de-Beaupré","Saint-Ferréol-les-Neiges"
"La Côte-de-Beaupré","Saint-Joachim"
"La Côte-de-Beaupré","Saint-Louis-de-Gonzague-du-Cap-Tourmente"
"La Côte-de-Beaupré","Saint-Tite-des-Caps"
"La Côte-de-Beaupré","Sainte-Anne-de-Beaupré"
"La Côte-de-Beaupré","Sault-au-Cochon"
"La Côte-de-Gaspé","Cloridorme"
"La Côte-de-Gaspé","Collines-du-Basque"
"La Côte-de-Gaspé","Gaspé"
"La Côte-de-Gaspé","Grande-Vallée"
"La Côte-de-Gaspé","Murdochville"
"La Côte-de-Gaspé","Petite-Vallée"
"La Côte-de-Gaspé","Rivière-Saint-Jean"
"La Haute-Côte-Nord","Colombier"
"La Haute-Côte-Nord","Essipit"
"La Haute-Côte-Nord","Forestville"
"La Haute-Côte-Nord","Lac-au-Brochet"
"La Haute-Côte-Nord","Les Bergeronnes"
"La Haute-Côte-Nord","Les Escoumins"
"La Haute-Côte-Nord","Longue-Rive"
"La Haute-Côte-Nord","Portneuf-sur-Mer"
"La Haute-Côte-Nord","Sacré-Coeur"
"La Haute-Côte-Nord","Tadoussac"
"La Haute-Gaspésie","Cap-Chat"
"La Haute-Gaspésie","Coulée-des-Adolphe"
"La Haute-Gaspésie","La Martre"
"La Haute-Gaspésie","Marsoui"
"La Haute-Gaspésie","Mont-Albert"
"La Haute-Gaspésie","Mont-Saint-Pierre"
"La Haute-Gaspésie","Rivière-à-Claude"
"La Haute-Gaspésie","Saint-Maxime-du-Mont-Louis"
"La Haute-Gaspésie","Sainte-Anne-des-Monts"
"La Haute-Gaspésie","Sainte-Madeleine-de-la-Rivière-Madeleine"
"La Haute-Yamaska","Granby","https://granby.ca/fr/subvention-couches-de-coton"
"La Haute-Yamaska","Roxton Pond"
"La Haute-Yamaska","Saint-Alphonse-de-Granby"
"La Haute-Yamaska","Saint-Joachim-de-Shefford",
"La Haute-Yamaska","Sainte-Cécile-de-Milton"
"La Haute-Yamaska","Shefford","https://cantonshefford.qc.ca/services/citoyen/programme-pour-lachat-de-couches-reutilisables/"
"La Haute-Yamaska","Warden"
"La Haute-Yamaska","Waterloo","https://ville.waterloo.qc.ca/subventions-et-aides-financieres/couches-lavables/"
"La Jacques-Cartier","Fossambault-sur-le-Lac"
"La Jacques-Cartier","Lac-Beauport"
"La Jacques-Cartier","Lac-Croche"
"La Jacques-Cartier","Lac-Delage","https://www.lacdelage.qc.ca/pages/Environnement"
"La Jacques-Cartier","Lac-Saint-Joseph"
"La Jacques-Cartier","Saint-Gabriel-de-Valcartier","http://saint-gabriel-de-valcartier.ca/service-aux-citoyens/matieres-residuelles/programme-de-couches-reutilisables/"
"La Jacques-Cartier","Sainte-Brigitte-de-Laval","https://sbdl.net/formulaire-de-demande-daide-pour-lutilisation-de-couches-lavables/"
"La Jacques-Cartier","Sainte-Catherine-de-la-Jacques-Cartier"
"La Jacques-Cartier","Shannon"
"La Jacques-Cartier","Stoneham-et-Tewkesbury","https://www.villestoneham.com/citoyens/environnement/collectes-et-matieres-residuelles#programmes-et-subventions"
"La Matanie","Baie-des-Sables"
"La Matanie","Grosses-Roches"
"La Matanie","Les Méchins"
"La Matanie","Matane","https://www.environnementmatane.ca/environnement/fonds-vert/projets-realises.html"
"La Matanie","Rivière-Bonjour"
"La Matanie","Saint-Adelme"
"La Matanie","Saint-Jean-de-Cherbourg"
"La Matanie","Saint-Léandre"
"La Matanie","Saint-René-de-Matane"
"La Matanie","Saint-Ulric"
"La Matanie","Sainte-Félicité"
"La Matanie","Sainte-Paule"
"La Matapédia","Albertville"
"La Matapédia","Amqui","https://www.ecoregie.ca/reduction-a-la-source/subvention-couches-lavables.html"
"La Matapédia","Causapscal","https://www.ecoregie.ca/reduction-a-la-source/subvention-couches-lavables.html"
"La Matapédia","Lac-Alfred"
"La Matapédia","Lac-au-Saumon"
"La Matapédia","Lac-Casault"
"La Matapédia","Lac-Matapédia"
"La Matapédia","Rivière-Patapédia-Est"
"La Matapédia","Rivière-Vaseuse"
"La Matapédia","Routhierville"
"La Matapédia","Ruisseau-des-Mineurs"
"La Matapédia","Saint-Alexandre-des-Lacs"
"La Matapédia","Saint-Cléophas"
"La Matapédia","Saint-Damase","https://www.st-damase.qc.ca/programme-couche-lavable/"
"La Matapédia","Saint-Léon-le-Grand"
"La Matapédia","Saint-Moïse"
"La Matapédia","Saint-Noël","https://www.ecoregie.ca/reduction-a-la-source/subvention-couches-lavables.html"
"La Matapédia","Saint-Tharcisius"
"La Matapédia","Saint-Vianney"
"La Matapédia","Saint-Zénon-du-Lac-Humqui"
"La Matapédia","Sainte-Florence"
"La Matapédia","Sainte-Irène"
"La Matapédia","Sainte-Marguerite-Marie"
"La Matapédia","Sayabec","https://municipalitesayabec.com/services/ordures-recyclage-environnement.html"
"La Matapédia","Val-Brillant","https://www.ecoregie.ca/reduction-a-la-source/subvention-couches-lavables.html"
"La Mitis","Grand-Métis"
"La Mitis","La Rédemption"
"La Mitis","Lac-à-la-Croix"
"La Mitis","Lac-des-Eaux-Mortes"
"La Mitis","Les Hauteurs"
"La Mitis","Métis-sur-Mer"
"La Mitis","Mont-Joli","https://www.ecoregie.ca/reduction-a-la-source/subvention-couches-lavables.html"
"La Mitis","Padoue"
"La Mitis","Price"
"La Mitis","Saint-Charles-Garnier"
"La Mitis","Saint-Donat","https://www.ecoregie.ca/reduction-a-la-source/subvention-couches-lavables.html"
"La Mitis","Saint-Gabriel-de-Rimouski"
"La Mitis","Saint-Joseph-de-Lepage"
"La Mitis","Saint-Octave-de-Métis"
"La Mitis","Sainte-Angèle-de-Mérici"
"La Mitis","Sainte-Flavie"
"La Mitis","Sainte-Jeanne-d'Arc"
"La Mitis","Sainte-Luce","https://sainteluce.ca/citoyen/famille.php"
"La Nouvelle-Beauce","Frampton"
"La Nouvelle-Beauce","Saint-Bernard"
"La Nouvelle-Beauce","Saint-Elzéar"
"La Nouvelle-Beauce","Saint-Isidore"
"La Nouvelle-Beauce","Saint-Lambert-de-Lauzon"
"La Nouvelle-Beauce","Sainte-Hénédine"
"La Nouvelle-Beauce","Sainte-Marguerite"
"La Nouvelle-Beauce","Sainte-Marie","https://www.sainte-marie.ca/2018/09/revision-du-programme-de-subvention-pour-lachat-de-couches-lavables/"
"La Nouvelle-Beauce","Saints-Anges"
"La Nouvelle-Beauce","Scott"
"La Nouvelle-Beauce","Vallée-Jonction"
"La Rivière-du-Nord","Prévost","https://www.ville.prevost.qc.ca/ma-ville/environnement/programmes-de-subvention"
"La Rivière-du-Nord","Saint-Colomban","https://st-colomban.qc.ca/services-aux-citoyens/environnement/programme-de-couches-lavables/"
"La Rivière-du-Nord","Saint-Hippolyte","https://saint-hippolyte.ca/subventions-environnementales/"
"La Rivière-du-Nord","Saint-Jérôme","https://www.vsj.ca/aide-financiere-environnementale/couches-lavables/"
"La Rivière-du-Nord","Sainte-Sophie","https://www.stesophie.ca/Politiques-et-programmes"
"La Tuque","Coucoucache"
"La Tuque","La Bostonnais"
"La Tuque","La Tuque","https://www.ressourceparentailes.com/services"
"La Tuque","Lac-Édouard"
"La Tuque","Obedjiwan"
"La Tuque","Wemotaci"
"La Vallée-de-l'Or","Belcourt","https://bondebarras.mrcvo.qc.ca/programme-de-subvention/?doing_wp_cron=1664556539.8480720520019531250000"
"La Vallée-de-l'Or","Kitcisakik","https://bondebarras.mrcvo.qc.ca/programme-de-subvention/?doing_wp_cron=1664556539.8480720520019531250000"
"La Vallée-de-l'Or","Lac-Granet","https://bondebarras.mrcvo.qc.ca/programme-de-subvention/?doing_wp_cron=1664556539.8480720520019531250000"
"La Vallée-de-l'Or","Lac-Metei","https://bondebarras.mrcvo.qc.ca/programme-de-subvention/?doing_wp_cron=1664556539.8480720520019531250000"
"La Vallée-de-l'Or","Lac-Simon","https://bondebarras.mrcvo.qc.ca/programme-de-subvention/?doing_wp_cron=1664556539.8480720520019531250000"
"La Vallée-de-l'Or","Malartic","https://bondebarras.mrcvo.qc.ca/programme-de-subvention/?doing_wp_cron=1664556539.8480720520019531250000"
"La Vallée-de-l'Or","Matchi-Manitou","https://bondebarras.mrcvo.qc.ca/programme-de-subvention/?doing_wp_cron=1664556539.8480720520019531250000"
"La Vallée-de-l'Or","Réservoir-Dozois","https://bondebarras.mrcvo.qc.ca/programme-de-subvention/?doing_wp_cron=1664556539.8480720520019531250000"
"La Vallée-de-l'Or","Rivière-Héva","https://bondebarras.mrcvo.qc.ca/programme-de-subvention/?doing_wp_cron=1664556539.8480720520019531250000"
"La Vallée-de-l'Or","Senneterre","https://bondebarras.mrcvo.qc.ca/programme-de-subvention/?doing_wp_cron=1664556539.8480720520019531250000"
"La Vallée-de-l'Or","Val-d'Or","https://bondebarras.mrcvo.qc.ca/programme-de-subvention/?doing_wp_cron=1664556539.8480720520019531250000"
"La Vallée-de-la-Gatineau","Aumond"
"La Vallée-de-la-Gatineau","Blue Sea"
"La Vallée-de-la-Gatineau","Bois-Franc"
"La Vallée-de-la-Gatineau","Bouchette"
"La Vallée-de-la-Gatineau","Cascades-Malignes"
"La Vallée-de-la-Gatineau","Cayamant"
"La Vallée-de-la-Gatineau","Déléage"
"La Vallée-de-la-Gatineau","Denholm"
"La Vallée-de-la-Gatineau","Dépôt-Échouani"
"La Vallée-de-la-Gatineau","Egan-Sud"
"La Vallée-de-la-Gatineau","Gracefield"
"La Vallée-de-la-Gatineau","Grand-Remous"
"La Vallée-de-la-Gatineau","Kazabazua"
"La Vallée-de-la-Gatineau","Kitigan Zibi"
"La Vallée-de-la-Gatineau","Lac-Lenôtre"
"La Vallée-de-la-Gatineau","Lac-Moselle"
"La Vallée-de-la-Gatineau","Lac-Pythonga"
"La Vallée-de-la-Gatineau","Lac-Rapide"
"La Vallée-de-la-Gatineau","Lac-Sainte-Marie"
"La Vallée-de-la-Gatineau","Low"
"La Vallée-de-la-Gatineau","Maniwaki","https://www.ville.maniwaki.qc.ca/index.php/hotel-de-ville/politique-familiale/130-la-ville-annonce-ses-mesures-pour-soutenir-les-jeunes-familles-de-maniwaki"
"La Vallée-de-la-Gatineau","Messines"
"La Vallée-de-la-Gatineau","Montcerf-Lytton"
"La Vallée-de-la-Gatineau","Sainte-Thérèse-de-la-Gatineau"
"La Vallée-du-Richelieu","Beloeil","https://beloeil.ca/servir/environnement/subventions-aux-citoyens/couches-lavables/"
"La Vallée-du-Richelieu","Carignan","https://www.carignan.quebec/services/services-municipaux/programme-de-remboursement/"
"La Vallée-du-Richelieu","Chambly","https://ville.chambly.qc.ca/environnement/subventionsenvironnementales/#toggle-id-1"
"La Vallée-du-Richelieu","McMasterville"
"La Vallée-du-Richelieu","Mont-Saint-Hilaire","https://www.villemsh.ca/services-aux-citoyens/programmes-daide-et-subventions/"
"La Vallée-du-Richelieu","Otterburn Park","https://www.opark.ca/citoyens/aide-financiere-et-subventions/"
"La Vallée-du-Richelieu","Saint-Antoine-sur-Richelieu"
"La Vallée-du-Richelieu","Saint-Basile-le-Grand","https://www.ville.saint-basile-le-grand.qc.ca/vie-citoyenne/reglementation/programmes-daide-financiere/"
"La Vallée-du-Richelieu","Saint-Charles-sur-Richelieu"
"La Vallée-du-Richelieu","Saint-Denis-sur-Richelieu"
"La Vallée-du-Richelieu","Saint-Jean-Baptiste"
"La Vallée-du-Richelieu","Saint-Marc-sur-Richelieu"
"La Vallée-du-Richelieu","Saint-Mathieu-de-Beloeil"
"Lac-Saint-Jean-Est","Alma","https://www.rmrlac.qc.ca/dev/couche-lavable"
"Lac-Saint-Jean-Est","Belle-Rivière"
"Lac-Saint-Jean-Est","Desbiens","https://www.rmrlac.qc.ca/dev/couche-lavable"
"Lac-Saint-Jean-Est","Hébertville","https://www.rmrlac.qc.ca/dev/couche-lavable"
"Lac-Saint-Jean-Est","Hébertville-Station","https://www.rmrlac.qc.ca/dev/couche-lavable"
"Lac-Saint-Jean-Est","L'Ascension-de-Notre-Seigneur"
"Lac-Saint-Jean-Est","Labrecque"
"Lac-Saint-Jean-Est","Lac-Achouakan"
"Lac-Saint-Jean-Est","Lac-Moncouche"
"Lac-Saint-Jean-Est","Lamarche"
"Lac-Saint-Jean-Est","Métabetchouan--Lac-à-la-Croix","https://www.rmrlac.qc.ca/dev/couche-lavable"
"Lac-Saint-Jean-Est","Mont-Apica"
"Lac-Saint-Jean-Est","Saint-Bruno","https://www.rmrlac.qc.ca/dev/couche-lavable"
"Lac-Saint-Jean-Est","Saint-Gédéon"
"Lac-Saint-Jean-Est","Saint-Henri-de-Taillon","https://www.rmrlac.qc.ca/dev/couche-lavable"
"Lac-Saint-Jean-Est","Saint-Ludger-de-Milot","https://www.rmrlac.qc.ca/dev/couche-lavable"
"Lac-Saint-Jean-Est","Saint-Nazaire","https://www.rmrlac.qc.ca/dev/couche-lavable"
"Lac-Saint-Jean-Est","Sainte-Monique"
"Laval","Laval","https://www.laval.ca/Pages/Fr/Citoyens/couches-lavables.aspx"
"Le Domaine-du-Roy","Chambord","https://www.rmrlac.qc.ca/dev/couche-lavable"
"Le Domaine-du-Roy","La Doré","https://www.rmrlac.qc.ca/dev/couche-lavable"
"Le Domaine-du-Roy","Lac-Ashuapmushuan"
"Le Domaine-du-Roy","Lac-Bouchette"
"Le Domaine-du-Roy","Mashteuiatsh","https://www.rmrlac.qc.ca/dev/couche-lavable"
"Le Domaine-du-Roy","Roberval","https://www.rmrlac.qc.ca/dev/couche-lavable"
"Le Domaine-du-Roy","Saint-André-du-Lac-Saint-Jean","https://www.rmrlac.qc.ca/dev/couche-lavable"
"Le Domaine-du-Roy","Saint-Félicien","https://www.rmrlac.qc.ca/dev/couche-lavable"
"Le Domaine-du-Roy","Saint-François-de-Sales","https://www.rmrlac.qc.ca/dev/couche-lavable"
"Le Domaine-du-Roy","Saint-Prime","https://www.rmrlac.qc.ca/dev/couche-lavable"
"Le Domaine-du-Roy","Sainte-Hedwidge","https://www.rmrlac.qc.ca/dev/couche-lavable"
"Le Fjord-du-Saguenay","Bégin","https://mrc-fjord.qc.ca/services/environnement/couche-lavables/"
"Le Fjord-du-Saguenay","Ferland-et-Boilleau","https://mrc-fjord.qc.ca/services/environnement/couche-lavables/"
"Le Fjord-du-Saguenay","L'Anse-Saint-Jean","https://mrc-fjord.qc.ca/services/environnement/couche-lavables/"
"Le Fjord-du-Saguenay","Lac-Ministuk","https://mrc-fjord.qc.ca/services/environnement/couche-lavables/"
"Le Fjord-du-Saguenay","Lalemant","https://mrc-fjord.qc.ca/services/environnement/couche-lavables/"
"Le Fjord-du-Saguenay","Larouche","https://mrc-fjord.qc.ca/services/environnement/couche-lavables/"
"Le Fjord-du-Saguenay","Mont-Valin","https://mrc-fjord.qc.ca/services/environnement/couche-lavables/"
"Le Fjord-du-Saguenay","Petit-Saguenay","https://mrc-fjord.qc.ca/services/environnement/couche-lavables/"
"Le Fjord-du-Saguenay","Rivière-Éternité","https://mrc-fjord.qc.ca/services/environnement/couche-lavables/"
"Le Fjord-du-Saguenay","Saint-Ambroise","https://mrc-fjord.qc.ca/services/environnement/couche-lavables/"
"Le Fjord-du-Saguenay","Saint-Charles-de-Bourget","https://mrc-fjord.qc.ca/services/environnement/couche-lavables/"
"Le Fjord-du-Saguenay","Saint-David-de-Falardeau","https://mrc-fjord.qc.ca/services/environnement/couche-lavables/"
"Le Fjord-du-Saguenay","Saint-Félix-d'Otis","https://mrc-fjord.qc.ca/services/environnement/couche-lavables/"
"Le Fjord-du-Saguenay","Saint-Fulgence","https://mrc-fjord.qc.ca/services/environnement/couche-lavables/"
"Le Fjord-du-Saguenay","Saint-Honoré","https://mrc-fjord.qc.ca/services/environnement/couche-lavables/"
"Le Fjord-du-Saguenay","Sainte-Rose-du-Nord","https://mrc-fjord.qc.ca/services/environnement/couche-lavables/"
"Le Golfe-du-Saint-Laurent","Blanc-Sablon"
"Le Golfe-du-Saint-Laurent","Bonne-Espérance"
"Le Golfe-du-Saint-Laurent","Côte-Nord-du-Golfe-du-Saint-Laurent"
"Le Golfe-du-Saint-Laurent","Gros-Mécatina"
"Le Golfe-du-Saint-Laurent","La Romaine"
"Le Golfe-du-Saint-Laurent","Pakuashipi"
"Le Golfe-du-Saint-Laurent","Petit-Mécatina"
"Le Golfe-du-Saint-Laurent","Saint-Augustin"
"Le Granit","Audet"
"Le Granit","Courcelles"
"Le Granit","Frontenac"
"Le Granit","Lac-Drolet"
"Le Granit","Lac-Mégantic","https://www.ville.lac-megantic.qc.ca/subventions-pour-lachat-de-couches-reutilisables-2/"
"Le Granit","Lambton"
"Le Granit","Marston"
"Le Granit","Milan"
"Le Granit","Nantes"
"Le Granit","Notre-Dame-des-Bois"
"Le Granit","Piopolis"
"Le Granit","Saint-Augustin-de-Woburn"
"Le Granit","Saint-Ludger"
"Le Granit","Saint-Robert-Bellarmin"
"Le Granit","Saint-Romain"
"Le Granit","Saint-Sébastien"
"Le Granit","Sainte-Cécile-de-Whitton"
"Le Granit","Stornoway"
"Le Granit","Stratford"
"Le Granit","Val-Racine"
"Le Haut-Richelieu","Henryville"
"Le Haut-Richelieu","Lacolle"
"Le Haut-Richelieu","Mont-Saint-Grégoire"
"Le Haut-Richelieu","Noyan"
"Le Haut-Richelieu","Saint-Alexandre"
"Le Haut-Richelieu","Saint-Blaise-sur-Richelieu"
"Le Haut-Richelieu","Saint-Georges-de-Clarenceville"
"Le Haut-Richelieu","Saint-Jean-sur-Richelieu","https://sjsr.ca/environnement/programmes-aide-incitatifs/produits-reutilisables/"
"Le Haut-Richelieu","Saint-Paul-de-l'Île-aux-Noix"
"Le Haut-Richelieu","Saint-Sébastien"
"Le Haut-Richelieu","Saint-Valentin"
"Le Haut-Richelieu","Sainte-Anne-de-Sabrevois"
"Le Haut-Richelieu","Sainte-Brigide-d'Iberville"
"Le Haut-Richelieu","Venise-en-Québec"
"Le Haut-Saint-François","Ascot Corner"
"Le Haut-Saint-François","Bury"
"Le Haut-Saint-François","Chartierville"
"Le Haut-Saint-François","Cookshire-Eaton","https://www.cookshire-eaton.qc.ca/couches-lavables-aide-financiere/"
"Le Haut-Saint-François","Dudswell","https://municipalitededudswell.ca/administration/aide-financiere/"
"Le Haut-Saint-François","East Angus"
"Le Haut-Saint-François","Hampden"
"Le Haut-Saint-François","La Patrie"
"Le Haut-Saint-François","Lingwick"
"Le Haut-Saint-François","Newport"
"Le Haut-Saint-François","Saint-Isidore-de-Clifton"
"Le Haut-Saint-François","Scotstown"
"Le Haut-Saint-François","Weedon"
"Le Haut-Saint-François","Westbury"
"Le Haut-Saint-Laurent","Akwesasne"
"Le Haut-Saint-Laurent","Dundee"
"Le Haut-Saint-Laurent","Elgin"
"Le Haut-Saint-Laurent","Franklin"
"Le Haut-Saint-Laurent","Godmanchester"
"Le Haut-Saint-Laurent","Havelock"
"Le Haut-Saint-Laurent","Hinchinbrooke"
"Le Haut-Saint-Laurent","Howick"
"Le Haut-Saint-Laurent","Huntingdon"
"Le Haut-Saint-Laurent","Ormstown"
"Le Haut-Saint-Laurent","Saint-Anicet"
"Le Haut-Saint-Laurent","Saint-Chrysostome"
"Le Haut-Saint-Laurent","Sainte-Barbe"
"Le Haut-Saint-Laurent","Très-Saint-Sacrement"
"Le Rocher-Percé","Chandler","https://www.facebook.com/villedechandler/photos/a.189547274411062/4054607204571697/?type=3&theater"
"Le Rocher-Percé","Grande-Rivière"
"Le Rocher-Percé","Mont-Alexandre"
"Le Rocher-Percé","Percé"
"Le Rocher-Percé","Port-Daniel--Gascons"
"Le Rocher-Percé","Sainte-Thérèse-de-Gaspé"
"Le Val-Saint-François","Bonsecours","https://www.val-saint-francois.qc.ca/services/couches-lavables/"
"Le Val-Saint-François","Cleveland","https://www.val-saint-francois.qc.ca/services/couches-lavables/"
"Le Val-Saint-François","Kingsbury","https://www.val-saint-francois.qc.ca/services/couches-lavables/"
"Le Val-Saint-François","Lawrenceville","https://www.val-saint-francois.qc.ca/services/couches-lavables/"
"Le Val-Saint-François","Maricourt","https://www.val-saint-francois.qc.ca/services/couches-lavables/"
"Le Val-Saint-François","Melbourne","https://www.val-saint-francois.qc.ca/services/couches-lavables/"
"Le Val-Saint-François","Racine","https://www.val-saint-francois.qc.ca/services/couches-lavables/"
"Le Val-Saint-François","Richmond","https://www.val-saint-francois.qc.ca/services/couches-lavables/"
"Le Val-Saint-François","Saint-Claude","https://www.val-saint-francois.qc.ca/services/couches-lavables/"
"Le Val-Saint-François","Saint-Denis-de-Brompton","https://www.val-saint-francois.qc.ca/services/couches-lavables/"
"Le Val-Saint-François","Saint-François-Xavier-de-Brompton","https://www.val-saint-francois.qc.ca/services/couches-lavables/"
"Le Val-Saint-François","Sainte-Anne-de-la-Rochelle","https://www.val-saint-francois.qc.ca/services/couches-lavables/"
"Le Val-Saint-François","Stoke","https://www.val-saint-francois.qc.ca/services/couches-lavables/"
"Le Val-Saint-François","Ulverton","https://www.val-saint-francois.qc.ca/services/couches-lavables/"
"Le Val-Saint-François","Val-Joli","https://www.val-saint-francois.qc.ca/services/couches-lavables/"
"Le Val-Saint-François","Valcourt","https://www.val-saint-francois.qc.ca/services/couches-lavables/"
"Le Val-Saint-François","Windsor","https://www.val-saint-francois.qc.ca/services/couches-lavables/"
"Les Appalaches","Adstock"
"Les Appalaches","Beaulac-Garthby"
"Les Appalaches","Disraeli"
"Les Appalaches","East Broughton"
"Les Appalaches","Irlande"
"Les Appalaches","Kinnear's Mills"
"Les Appalaches","Sacré-Coeur-de-Jésus"
"Les Appalaches","Saint-Adrien-d'Irlande"
"Les Appalaches","Saint-Fortunat"
"Les Appalaches","Saint-Jacques-de-Leeds"
"Les Appalaches","Saint-Jacques-le-Majeur-de-Wolfestown"
"Les Appalaches","Saint-Jean-de-Brébeuf"
"Les Appalaches","Saint-Joseph-de-Coleraine"
"Les Appalaches","Saint-Julien"
"Les Appalaches","Saint-Pierre-de-Broughton"
"Les Appalaches","Sainte-Clotilde-de-Beauce"
"Les Appalaches","Sainte-Praxède"
"Les Appalaches","Thetford Mines","https://www.villethetford.ca/vivre-a-thetford/programmes-daide-financiere/programme-couches-lavables/"
"Les Basques","Lac-Boisbouscache"
"Les Basques","Notre-Dame-des-Neiges"
"Les Basques","Saint-Clément"
"Les Basques","Saint-Éloi"
"Les Basques","Saint-Guy"
"Les Basques","Saint-Jean-de-Dieu"
"Les Basques","Saint-Mathieu-de-Rioux"
"Les Basques","Saint-Médard"
"Les Basques","Saint-Simon-de-Rimouski"
"Les Basques","Sainte-Françoise"
"Les Basques","Sainte-Rita"
"Les Basques","Trois-Pistoles"
"Les Chenaux","Batiscan"
"Les Chenaux","Champlain"
"Les Chenaux","Notre-Dame-du-Mont-Carmel","https://mont-carmel.org/citoyens/subventions"
"Les Chenaux","Saint-Luc-de-Vincennes"
"Les Chenaux","Saint-Maurice"
"Les Chenaux","Saint-Narcisse"
"Les Chenaux","Saint-Prosper-de-Champlain"
"Les Chenaux","Saint-Stanislas"
"Les Chenaux","Sainte-Anne-de-la-Pérade"
"Les Chenaux","Sainte-Geneviève-de-Batiscan"
"Les Collines-de-l'Outaouais","Cantley","https://cantley.ca/municipalite/administration/politiques/"
"Les Collines-de-l'Outaouais","Chelsea"
"Les Collines-de-l'Outaouais","L'Ange-Gardien"
"Les Collines-de-l'Outaouais","La Pêche","http://villelapeche.qc.ca/fr/municipalite/guides-formulaires/"
"Les Collines-de-l'Outaouais","Pontiac"
"Les Collines-de-l'Outaouais","Val-des-Monts","https://www.val-des-monts.net/municipalite-val-des-monts/plan-directeur-de-leau-val-des-monts/subventions-rive-ecologique-val-des-monts/"
"Les Etchemins","Lac-Etchemin"
"Les Etchemins","Saint-Benjamin"
"Les Etchemins","Saint-Camille-de-Lellis"
"Les Etchemins","Saint-Cyprien"
"Les Etchemins","Saint-Louis-de-Gonzague"
"Les Etchemins","Saint-Luc-de-Bellechasse"
"Les Etchemins","Saint-Magloire"
"Les Etchemins","Saint-Prosper"
"Les Etchemins","Saint-Zacharie"
"Les Etchemins","Sainte-Aurélie"
"Les Etchemins","Sainte-Justine"
"Les Etchemins","Sainte-Rose-de-Watford"
"Les Etchemins","Sainte-Sabine"
"Les Jardins-de-Napierville","Hemmingford"
"Les Jardins-de-Napierville","Napierville","https://www.napierville.ca/fr/services/services-aux-citoyens/subventions/"
"Les Jardins-de-Napierville","Saint-Bernard-de-Lacolle"
"Les Jardins-de-Napierville","Saint-Cyprien-de-Napierville","http://www.st-cypriendenapierville.com/fr/politique-familiale"
"Les Jardins-de-Napierville","Saint-Édouard","https://www.saintedouard.ca/subvention-pour-lachat-de-couches-lavables"
"Les Jardins-de-Napierville","Saint-Jacques-le-Mineur"
"Les Jardins-de-Napierville","Saint-Michel"
"Les Jardins-de-Napierville","Saint-Patrice-de-Sherrington"
"Les Jardins-de-Napierville","Saint-Rémi","https://www.saint-remi.ca/services/services-au-citoyen/info-environnement/"
"Les Jardins-de-Napierville","Sainte-Clotilde"
"Les Laurentides","Amherst"
"Les Laurentides","Arundel"
"Les Laurentides","Barkmere"
"Les Laurentides","Brébeuf"
"Les Laurentides","Doncaster"
"Les Laurentides","Huberdeau"
"Les Laurentides","Ivry-sur-le-Lac"
"Les Laurentides","La Conception"
"Les Laurentides","La Minerve"
"Les Laurentides","Labelle","https://subventioncoucheslavables.com/mixte/pdf/labelle.pdf"
"Les Laurentides","Lac-Supérieur"
"Les Laurentides","Lac-Tremblant-Nord"
"Les Laurentides","Lantier"
"Les Laurentides","Mont-Blanc","https://mont-blanc.quebec/subventions-aux-citoyens/"
"Les Laurentides","Mont-Tremblant","https://www.villedemont-tremblant.qc.ca/fr/citoyens/programmes/bebecolo"
"Les Laurentides","Montcalm"
"Les Laurentides","Sainte-Agathe-des-Monts"
"Les Laurentides","Sainte-Lucie-des-Laurentides"
"Les Laurentides","Val-David","http://www.valdavid.com/services-aux-citoyens/programmes-et-aide-financiere/"
"Les Laurentides","Val-des-Lacs"
"Les Laurentides","Val-Morin"
"Les Maskoutains","La Présentation"
"Les Maskoutains","Saint-Barnabé-Sud","https://saintbarnabesud.ca/services-aux-citoyens/subvention-achat-de-couches-lavables/"
"Les Maskoutains","Saint-Bernard-de-Michaudville"
"Les Maskoutains","Saint-Damase"
"Les Maskoutains","Saint-Dominique"
"Les Maskoutains","Saint-Hugues"
"Les Maskoutains","Saint-Hyacinthe"
"Les Maskoutains","Saint-Jude"
"Les Maskoutains","Saint-Liboire"
"Les Maskoutains","Saint-Louis"
"Les Maskoutains","Saint-Marcel-de-Richelieu"
"Les Maskoutains","Saint-Pie"
"Les Maskoutains","Saint-Simon"
"Les Maskoutains","Saint-Valérien-de-Milton"
"Les Maskoutains","Sainte-Hélène-de-Bagot"
"Les Maskoutains","Sainte-Madeleine","http://www.villestemadeleine.qc.ca/Couches-lavables.html"
"Les Maskoutains","Sainte-Marie-Madeleine"
"Les Moulins","Mascouche","https://mascouche.ca/services-aux-citoyens/subventions/subventions-environnementales/"
"Les Moulins","Terrebonne","https://www.ville.terrebonne.qc.ca/couches-lavables"
"Les Pays-d'en-Haut","Estérel"
"Les Pays-d'en-Haut","Lac-des-Seize-Îles"
"Les Pays-d'en-Haut","Morin-Heights"
"Les Pays-d'en-Haut","Piedmont","https://www.piedmont.ca/activites-et-loisirs/politiques-familiales.html"
"Les Pays-d'en-Haut","Saint-Adolphe-d'Howard"
"Les Pays-d'en-Haut","Saint-Sauveur","https://www.vss.ca/services-aux-citoyens/services/programmes-et-subventions"
"Les Pays-d'en-Haut","Sainte-Adèle","https://ville.sainte-adele.qc.ca/upload/documents/Formulaire-subvention-couches-lavables.pdf"
"Les Pays-d'en-Haut","Sainte-Anne-des-Lacs"
"Les Pays-d'en-Haut","Sainte-Marguerite-du-Lac-Masson","ttps://lacmasson.com/actualites/politique-daide-financiere-pour-lachat-de-couches-lavables"
"Les Pays-d'en-Haut","Wentworth-Nord"
"Les Sources","Danville","https://danville.ca/fichiers/couche_lavable_2017_0.pdf"
"Les Sources","Ham-Sud"
"Les Sources","Saint-Adrien"
"Les Sources","Saint-Camille"
"Les Sources","Saint-Georges-de-Windsor","https://vplus-documents.s3.ca-central-1.amazonaws.com/saint-georges-de-windsor/_publication/fichiers/couches-2.pdf"
"Les Sources","Val-des-Sources","https://valdessources.ca/services-au-citoyen/taxes-et-evaluation/subventions-aux-citoyens/"
"Les Sources","Wotton"
"Lévis","Lévis"
"Longueuil","Boucherville","https://boucherville.ca/infos-pratiques/programmes-subvention/couches-lavables/"
"Longueuil","Brossard","https://www.brossard.ca/couches-lavables"
"Longueuil","Longueuil"
"Longueuil","Saint-Bruno-de-Montarville","https://stbruno.ca/ville/programmes/programme-aide-financiere-achat-produits-hygieniques-lavables-et-reutilisables/"
"Longueuil","Saint-Lambert"
"Lotbinière","Dosquet","https://www.mrclotbiniere.org/services-aux-citoyens/programmes-et-mesures/couches-reutilisables/"
"Lotbinière","Laurier-Station","https://www.mrclotbiniere.org/services-aux-citoyens/programmes-et-mesures/couches-reutilisables/"
"Lotbinière","Leclercville","https://www.mrclotbiniere.org/services-aux-citoyens/programmes-et-mesures/couches-reutilisables/"
"Lotbinière","Lotbinière","https://www.mrclotbiniere.org/services-aux-citoyens/programmes-et-mesures/couches-reutilisables/"
"Lotbinière","Notre-Dame-du-Sacré-Coeur-d'Issoudun","https://www.mrclotbiniere.org/services-aux-citoyens/programmes-et-mesures/couches-reutilisables/"
"Lotbinière","Saint-Agapit","https://www.mrclotbiniere.org/services-aux-citoyens/programmes-et-mesures/couches-reutilisables/"
"Lotbinière","Saint-Antoine-de-Tilly","https://www.mrclotbiniere.org/services-aux-citoyens/programmes-et-mesures/couches-reutilisables/"
"Lotbinière","Saint-Apollinaire","https://www.mrclotbiniere.org/services-aux-citoyens/programmes-et-mesures/couches-reutilisables/"
"Lotbinière","Saint-Édouard-de-Lotbinière","https://www.mrclotbiniere.org/services-aux-citoyens/programmes-et-mesures/couches-reutilisables/"
"Lotbinière","Saint-Flavien","https://www.mrclotbiniere.org/services-aux-citoyens/programmes-et-mesures/couches-reutilisables/"
"Lotbinière","Saint-Gilles","https://www.mrclotbiniere.org/services-aux-citoyens/programmes-et-mesures/couches-reutilisables/"
"Lotbinière","Saint-Janvier-de-Joly","https://www.mrclotbiniere.org/services-aux-citoyens/programmes-et-mesures/couches-reutilisables/"
"Lotbinière","Saint-Narcisse-de-Beaurivage","https://www.mrclotbiniere.org/services-aux-citoyens/programmes-et-mesures/couches-reutilisables/"
"Lotbinière","Saint-Patrice-de-Beaurivage","https://www.mrclotbiniere.org/services-aux-citoyens/programmes-et-mesures/couches-reutilisables/"
"Lotbinière","Saint-Sylvestre","https://www.mrclotbiniere.org/services-aux-citoyens/programmes-et-mesures/couches-reutilisables/"
"Lotbinière","Sainte-Agathe-de-Lotbinière","https://www.mrclotbiniere.org/services-aux-citoyens/programmes-et-mesures/couches-reutilisables/"
"Lotbinière","Sainte-Croix","https://www.mrclotbiniere.org/services-aux-citoyens/programmes-et-mesures/couches-reutilisables/"
"Lotbinière","Val-Alain","https://www.mrclotbiniere.org/services-aux-citoyens/programmes-et-mesures/couches-reutilisables/"
"Manicouagan","Baie-Comeau"
"Manicouagan","Baie-Trinité"
"Manicouagan","Chute-aux-Outardes"
"Manicouagan","Franquelin"
"Manicouagan","Godbout"
"Manicouagan","Pessamit"
"Manicouagan","Pointe-aux-Outardes"
"Manicouagan","Pointe-Lebel"
"Manicouagan","Ragueneau"
"Manicouagan","Rivière-aux-Outardes"
"Marguerite-D'Youville","Calixa-Lavallée","https://margueritedyouville.ca/services/environnement-et-matieres-residuelles/programmes-de-subventions"
"Marguerite-D'Youville","Contrecoeur","https://margueritedyouville.ca/services/environnement-et-matieres-residuelles/programmes-de-subventions"
"Marguerite-D'Youville","Saint-Amable","https://margueritedyouville.ca/services/environnement-et-matieres-residuelles/programmes-de-subventions"
"Marguerite-D'Youville","Sainte-Julie","https://margueritedyouville.ca/services/environnement-et-matieres-residuelles/programmes-de-subventions"
"Marguerite-D'Youville","Varennes","https://margueritedyouville.ca/services/environnement-et-matieres-residuelles/programmes-de-subventions"
"Marguerite-D'Youville","Verchères","https://margueritedyouville.ca/services/environnement-et-matieres-residuelles/programmes-de-subventions"
"Maria-Chapdelaine","Albanel","https://www.rmrlac.qc.ca/dev/couche-lavable"
"Maria-Chapdelaine","Dolbeau-Mistassini","https://www.rmrlac.qc.ca/dev/couche-lavable"
"Maria-Chapdelaine","Girardville","https://www.rmrlac.qc.ca/dev/couche-lavable"
"Maria-Chapdelaine","Normandin","https://www.rmrlac.qc.ca/dev/couche-lavable"
"Maria-Chapdelaine","Notre-Dame-de-Lorette"
"Maria-Chapdelaine","Passes-Dangereuses"
"Maria-Chapdelaine","Péribonka"
"Maria-Chapdelaine","Rivière-Mistassini"
"Maria-Chapdelaine","Saint-Augustin","https://www.rmrlac.qc.ca/dev/couche-lavable"
"Maria-Chapdelaine","Saint-Edmond-les-Plaines"
"Maria-Chapdelaine","Saint-Eugène-d'Argentenay","https://www.rmrlac.qc.ca/dev/couche-lavable"
"Maria-Chapdelaine","Saint-Stanislas","https://www.rmrlac.qc.ca/dev/couche-lavable"
"Maria-Chapdelaine","Saint-Thomas-Didyme","https://www.rmrlac.qc.ca/dev/couche-lavable"
"Maria-Chapdelaine","Sainte-Jeanne-d'Arc","https://www.rmrlac.qc.ca/dev/couche-lavable"
"Maskinongé","Charette","https://www.municipalite-charette.ca/programme-subvention-couches-lavables/"
"Maskinongé","Louiseville","https://louiseville.ca/citoyen/role-devaluation-fonciere/aide-financiere"
"Maskinongé","Maskinongé"
"Maskinongé","Saint-Alexis-des-Monts"
"Maskinongé","Saint-Barnabé"
"Maskinongé","Saint-Boniface"
"Maskinongé","Saint-Édouard-de-Maskinongé"
"Maskinongé","Saint-Élie-de-Caxton"
"Maskinongé","Saint-Étienne-des-Grès"
"Maskinongé","Saint-Justin"
"Maskinongé","Saint-Léon-le-Grand"
"Maskinongé","Saint-Mathieu-du-Parc"
"Maskinongé","Saint-Paulin"
"Maskinongé","Saint-Sévère"
"Maskinongé","Sainte-Angèle-de-Prémont"
"Maskinongé","Sainte-Ursule"
"Maskinongé","Yamachiche"
"Matawinie","Baie-Atibenne"
"Matawinie","Baie-de-la-Bouteille"
"Matawinie","Baie-Obaoca"
"Matawinie","Chertsey"
"Matawinie","Entrelacs"
"Matawinie","Lac-Cabasta"
"Matawinie","Lac-des-Dix-Milles"
"Matawinie","Lac-Devenyns"
"Matawinie","Lac-du-Taureau"
"Matawinie","Lac-Legendre"
"Matawinie","Lac-Matawin"
"Matawinie","Lac-Minaki"
"Matawinie","Lac-Santé"
"Matawinie","Manawan"
"Matawinie","Notre-Dame-de-la-Merci"
"Matawinie","Rawdon","https://rawdon.ca/citoyen/environnement/programmes-aides-financieres/"
"Matawinie","Saint-Alphonse-Rodriguez","https://www.municipalite.saintalphonserodriguez.qc.ca/nouvelles/programme-de-subvention-pour-lachat-de-couches-lavables-et-de-produits-durables-dhygiene-feminine"
"Matawinie","Saint-Côme"
"Matawinie","Saint-Damien"
"Matawinie","Saint-Donat"
"Matawinie","Saint-Félix-de-Valois","https://www.st-felix-de-valois.com/wp-content/uploads/2017/12/medias_2013_07_demande-subvention-couches-coton.pdf"
"Matawinie","Saint-Guillaume-Nord"
"Matawinie","Saint-Jean-de-Matha"
"Matawinie","Saint-Michel-des-Saints"
"Matawinie","Saint-Zénon"
"Matawinie","Sainte-Béatrix"
"Matawinie","Sainte-Émélie-de-l'Énergie","https://steemelie.ca/fr/vivre/environnement/programme-couches"
"Matawinie","Sainte-Marcelline-de-Kildare"
"Mékinac","Grandes-Piles"
"Mékinac","Hérouxville"
"Mékinac","Lac-aux-Sables"
"Mékinac","Lac-Boulé"
"Mékinac","Lac-Masketsi"
"Mékinac","Lac-Normand"
"Mékinac","Notre-Dame-de-Montauban"
"Mékinac","Rivière-de-la-Savane"
"Mékinac","Saint-Adelphe"
"Mékinac","Saint-Roch-de-Mékinac"
"Mékinac","Saint-Séverin"
"Mékinac","Saint-Tite"
"Mékinac","Sainte-Thècle"
"Mékinac","Trois-Rives"
"Memphrémagog","Austin"
"Memphrémagog","Ayer's Cliff"
"Memphrémagog","Bolton-Est"
"Memphrémagog","Eastman"
"Memphrémagog","Hatley","https://cantondehatley.ca/gestion/programme-produits-hygieniques-reutilisables/"
"Memphrémagog","Magog","https://www.ville.magog.qc.ca/informations-services/programmes-et-subventions/#programme-produits-hygiene-durables"
"Memphrémagog","North Hatley"
"Memphrémagog","Ogden"
"Memphrémagog","Orford"
"Memphrémagog","Potton"
"Memphrémagog","Saint-Benoît-du-Lac"
"Memphrémagog","Saint-Étienne-de-Bolton"
"Memphrémagog","Sainte-Catherine-de-Hatley"
"Memphrémagog","Stanstead"
"Memphrémagog","Stukely-Sud"
"Minganie","Aguanish"
"Minganie","Baie-Johan-Beetz"
"Minganie","Havre-Saint-Pierre"
"Minganie","L'Île-d'Anticosti"
"Minganie","Lac-Jérôme"
"Minganie","Longue-Pointe-de-Mingan"
"Minganie","Mingan"
"Minganie","Natashquan"
"Minganie","Nutashkuan"
"Minganie","Rivière-au-Tonnerre"
"Minganie","Rivière-Saint-Jean"
"Mirabel","Mirabel","https://mirabel.ca/ville/administration/subventions"
"Montcalm","Saint-Alexis"
"Montcalm","Saint-Calixte"
"Montcalm","Saint-Esprit"
"Montcalm","Saint-Jacques"
"Montcalm","Saint-Liguori","https://www.saint-liguori.com/index.php?option=com_content&view=article&id=44:subvention-couches-lavables&catid=13&Itemid=113"
"Montcalm","Saint-Lin--Laurentides","https://www.saint-lin-laurentides.com/culture-et-communaute/famille/subvention-aux-familles"
"Montcalm","Saint-Roch-de-l'Achigan","https://www.sra.quebec/programmes-de-subventions"
"Montcalm","Saint-Roch-Ouest","http://www.saint-roch-ouest.ca/cms/index.php/vivre-ici/couches-reutilisables"
"Montcalm","Sainte-Julienne","https://www.sainte-julienne.com/environnement/couches-reutilisables/"
"Montcalm","Sainte-Marie-Salomé"
"Montmagny","Berthier-sur-Mer"
"Montmagny","Cap-Saint-Ignace"
"Montmagny","Lac-Frontière"
"Montmagny","Montmagny"
"Montmagny","Notre-Dame-du-Rosaire"
"Montmagny","Saint-Antoine-de-l'Isle-aux-Grues"
"Montmagny","Saint-Fabien-de-Panet"
"Montmagny","Saint-François-de-la-Rivière-du-Sud"
"Montmagny","Saint-Just-de-Bretenières"
"Montmagny","Saint-Paul-de-Montminy"
"Montmagny","Saint-Pierre-de-la-Rivière-du-Sud"
"Montmagny","Sainte-Apolline-de-Patton"
"Montmagny","Sainte-Euphémie-sur-Rivière-du-Sud"
"Montmagny","Sainte-Lucie-de-Beauregard"
"Montréal","Baie-D'Urfé"
"Montréal","Beaconsfield"
"Montréal","Côte-Saint-Luc"
"Montréal","Dollard-Des Ormeaux"
"Montréal","Dorval"
"Montréal","Hampstead"
"Montréal","Kirkland"
"Montréal","L'Île-Dorval"
"Montréal","Mont-Royal"
"Montréal","Montréal","https://montreal.ca/demarches/demander-une-subvention-pour-lutilisation-de-couches-lavables-pour-bebes"
"Montréal","Montréal-Est"
"Montréal","Montréal-Ouest"
"Montréal","Pointe-Claire"
"Montréal","Sainte-Anne-de-Bellevue"
"Montréal","Senneville"
"Montréal","Westmount"
"Nicolet-Yamaska","Aston-Jonction","https://www.rigidbny.com/achateco/#coucheslavables"
"Nicolet-Yamaska","Baie-du-Febvre","https://www.rigidbny.com/achateco/#coucheslavables"
"Nicolet-Yamaska","Grand-Saint-Esprit","https://www.rigidbny.com/achateco/#coucheslavables"
"Nicolet-Yamaska","La Visitation-de-Yamaska","https://www.rigidbny.com/achateco/#coucheslavables"
"Nicolet-Yamaska","Nicolet","https://www.rigidbny.com/achateco/#coucheslavables"
"Nicolet-Yamaska","Odanak"
"Nicolet-Yamaska","Pierreville"
"Nicolet-Yamaska","Saint-Célestin","https://www.rigidbny.com/achateco/#coucheslavables"
"Nicolet-Yamaska","Saint-Elphège"
"Nicolet-Yamaska","Saint-François-du-Lac"
"Nicolet-Yamaska","Saint-Léonard-d'Aston","https://www.rigidbny.com/achateco/#coucheslavables"
"Nicolet-Yamaska","Saint-Wenceslas","https://www.rigidbny.com/achateco/#coucheslavables"
"Nicolet-Yamaska","Saint-Zéphirin-de-Courval","https://www.rigidbny.com/achateco/#coucheslavables"
"Nicolet-Yamaska","Sainte-Eulalie","https://www.rigidbny.com/achateco/#coucheslavables"
"Nicolet-Yamaska","Sainte-Monique","https://www.rigidbny.com/achateco/#coucheslavables"
"Nicolet-Yamaska","Sainte-Perpétue","https://www.rigidbny.com/achateco/#coucheslavables"
"Nouveau toponyme à venir","Chisasibi"
"Nouveau toponyme à venir","Eastmain"
"Nouveau toponyme à venir","Mistissini"
"Nouveau toponyme à venir","Nemaska"
"Nouveau toponyme à venir","Oujé-Bougoumou"
"Nouveau toponyme à venir","Waskaganish"
"Nouveau toponyme à venir","Waswanipi"
"Nouveau toponyme à venir","Wemindji"
"Nouveau toponyme à venir","Whapmagoostui"
"Papineau","Boileau"
"Papineau","Bowman"
"Papineau","Chénéville"
"Papineau","Duhamel"
"Papineau","Fassett"
"Papineau","Lac-des-Plages"
"Papineau","Lac-Simon"
"Papineau","Lochaber"
"Papineau","Lochaber-Partie-Ouest"
"Papineau","Mayo"
"Papineau","Montebello"
"Papineau","Montpellier"
"Papineau","Mulgrave-et-Derry"
"Papineau","Namur"
"Papineau","Notre-Dame-de-Bonsecours"
"Papineau","Notre-Dame-de-la-Paix"
"Papineau","Notre-Dame-de-la-Salette"
"Papineau","Papineauville"
"Papineau","Plaisance"
"Papineau","Ripon"
"Papineau","Saint-André-Avellin"
"Papineau","Saint-Émile-de-Suffolk"
"Papineau","Saint-Sixte"
"Papineau","Thurso","https://www.ville.thurso.qc.ca/municipalite/programmes-et-politiques-pour-les-familles-et-aines/programme-de-subvention-pour-couches-lavables/"
"Papineau","Val-des-Bois"
"Pierre-De Saurel","Massueville"
"Pierre-De Saurel","Saint-Aimé"
"Pierre-De Saurel","Saint-David"
"Pierre-De Saurel","Saint-Gérard-Majella"
"Pierre-De Saurel","Saint-Joseph-de-Sorel"
"Pierre-De Saurel","Saint-Ours"
"Pierre-De Saurel","Saint-Robert"
"Pierre-De Saurel","Saint-Roch-de-Richelieu"
"Pierre-De Saurel","Sainte-Anne-de-Sorel"
"Pierre-De Saurel","Sainte-Victoire-de-Sorel"
"Pierre-De Saurel","Sorel-Tracy","https://www.ville.sorel-tracy.qc.ca/services/environnement/subvention-environnementales"
"Pierre-De Saurel","Yamaska"
"Pontiac","Alleyn-et-Cawood"
"Pontiac","Bristol"
"Pontiac","Bryson"
"Pontiac","Campbell's Bay"
"Pontiac","Chichester"
"Pontiac","Clarendon"
"Pontiac","Fort-Coulonge"
"Pontiac","L'Île-du-Grand-Calumet"
"Pontiac","L'Isle-aux-Allumettes"
"Pontiac","Lac-Nilgaut"
"Pontiac","Litchfield"
"Pontiac","Mansfield-et-Pontefract"
"Pontiac","Otter Lake"
"Pontiac","Portage-du-Fort"
"Pontiac","Rapides-des-Joachims"
"Pontiac","Shawville"
"Pontiac","Sheenboro"
"Pontiac","Thorne"
"Pontiac","Waltham"
"Portneuf","Cap-Santé","https://capsante.qc.ca/subventions"
"Portneuf","Deschambault-Grondines","https://deschambault-grondines.com/fr/services-aux-citoyens/centre-documentaire/c2506/programme-d-aide-financiere-a-la-communaute/page-1"
"Portneuf","Donnacona"
"Portneuf","Lac-Blanc"
"Portneuf","Lac-Lapeyrère"
"Portneuf","Lac-Sergent"
"Portneuf","Linton"
"Portneuf","Neuville"
"Portneuf","Pont-Rouge"
"Portneuf","Portneuf","https://villedeportneuf.com/file-8884"
"Portneuf","Rivière-à-Pierre"
"Portneuf","Saint-Alban"
"Portneuf","Saint-Basile"
"Portneuf","Saint-Casimir"
"Portneuf","Saint-Gilbert"
"Portneuf","Saint-Léonard-de-Portneuf"
"Portneuf","Saint-Marc-des-Carrières"
"Portneuf","Saint-Raymond"
"Portneuf","Saint-Thuribe"
"Portneuf","Saint-Ubalde"
"Portneuf","Sainte-Christine-d'Auvergne"
"Québec","L'Ancienne-Lorette"
"Québec","Notre-Dame-des-Anges"
"Québec","Québec"
"Québec","Saint-Augustin-de-Desmaures"
"Québec","Wendake"
"Rimouski-Neigette","Esprit-Saint"
"Rimouski-Neigette","La Trinité-des-Monts"
"Rimouski-Neigette","Lac-Huron"
"Rimouski-Neigette","Rimouski","https://rimouski.ca/faq/couches-lavables"
"Rimouski-Neigette","Saint-Anaclet-de-Lessard"
"Rimouski-Neigette","Saint-Eugène-de-Ladrière"
"Rimouski-Neigette","Saint-Fabien"
"Rimouski-Neigette","Saint-Marcellin"
"Rimouski-Neigette","Saint-Narcisse-de-Rimouski"
"Rimouski-Neigette","Saint-Valérien"
"Rivière-du-Loup","Cacouna"
"Rivière-du-Loup","L'Isle-Verte"
"Rivière-du-Loup","Notre-Dame-des-Sept-Douleurs"
"Rivière-du-Loup","Notre-Dame-du-Portage"
"Rivière-du-Loup","Rivière-du-Loup","https://villerdl.ca/fr/services/services-aux-citoyens/programmes"
"Rivière-du-Loup","Saint-Antonin","http://ville.saint-antonin.qc.ca/environnement/?id=stantonin-politique_couches"
"Rivière-du-Loup","Saint-Arsène"
"Rivière-du-Loup","Saint-Cyprien"
"Rivière-du-Loup","Saint-Épiphane"
"Rivière-du-Loup","Saint-François-Xavier-de-Viger"
"Rivière-du-Loup","Saint-Hubert-de-Rivière-du-Loup"
"Rivière-du-Loup","Saint-Modeste"
"Rivière-du-Loup","Saint-Paul-de-la-Croix"
"Rivière-du-Loup","Whitworth"
"Roussillon","Candiac","https://roussillon.ca/gestion-des-matieres-residuelles/programmes-de-subventions-couches-lavables-compostiere/formulaire-couches-lavables-2/"
"Roussillon","Châteauguay","https://roussillon.ca/gestion-des-matieres-residuelles/programmes-de-subventions-couches-lavables-compostiere/formulaire-couches-lavables-2/"
"Roussillon","Delson","https://roussillon.ca/gestion-des-matieres-residuelles/programmes-de-subventions-couches-lavables-compostiere/formulaire-couches-lavables-2/"
"Roussillon","Kahnawake"
"Roussillon","La Prairie","https://roussillon.ca/gestion-des-matieres-residuelles/programmes-de-subventions-couches-lavables-compostiere/formulaire-couches-lavables-2/"
"Roussillon","Léry","https://roussillon.ca/gestion-des-matieres-residuelles/programmes-de-subventions-couches-lavables-compostiere/formulaire-couches-lavables-2/"
"Roussillon","Mercier","https://roussillon.ca/gestion-des-matieres-residuelles/programmes-de-subventions-couches-lavables-compostiere/formulaire-couches-lavables-2/"
"Roussillon","Saint-Constant","https://roussillon.ca/gestion-des-matieres-residuelles/programmes-de-subventions-couches-lavables-compostiere/formulaire-couches-lavables-2/"
"Roussillon","Saint-Isidore","https://roussillon.ca/gestion-des-matieres-residuelles/programmes-de-subventions-couches-lavables-compostiere/formulaire-couches-lavables-2/"
"Roussillon","Saint-Mathieu","https://roussillon.ca/gestion-des-matieres-residuelles/programmes-de-subventions-couches-lavables-compostiere/formulaire-couches-lavables-2/"
"Roussillon","Saint-Philippe","https://roussillon.ca/gestion-des-matieres-residuelles/programmes-de-subventions-couches-lavables-compostiere/formulaire-couches-lavables-2/"
"Roussillon","Sainte-Catherine","https://roussillon.ca/gestion-des-matieres-residuelles/programmes-de-subventions-couches-lavables-compostiere/formulaire-couches-lavables-2/"
"Rouville","Ange-Gardien","https://mrcrouville.qc.ca/au-service-des-citoyens/environnement/subventions/"
"Rouville","Marieville","https://mrcrouville.qc.ca/au-service-des-citoyens/environnement/subventions/"
"Rouville","Richelieu","https://mrcrouville.qc.ca/au-service-des-citoyens/environnement/subventions/"
"Rouville","Rougemont","https://mrcrouville.qc.ca/au-service-des-citoyens/environnement/subventions/"
"Rouville","Saint-Césaire","https://mrcrouville.qc.ca/au-service-des-citoyens/environnement/subventions/"
"Rouville","Saint-Mathias-sur-Richelieu","https://mrcrouville.qc.ca/au-service-des-citoyens/environnement/subventions/"
"Rouville","Saint-Paul-d'Abbotsford","https://mrcrouville.qc.ca/au-service-des-citoyens/environnement/subventions/"
"Rouville","Sainte-Angèle-de-Monnoir","https://mrcrouville.qc.ca/au-service-des-citoyens/environnement/subventions/"
"Rouyn-Noranda","Rouyn-Noranda","https://www.ville.rouyn-noranda.qc.ca/citoyens/environnement/subvention-pour-lachat-de-produits-reutilisables"
"Saguenay","Saguenay","https://ville.saguenay.ca/services-aux-citoyens/environnement/reemploi/couches-lavables"
"Sept-Rivières","Lac-Walker"
"Sept-Rivières","Maliotenam"
"Sept-Rivières","Port-Cartier"
"Sept-Rivières","Rivière-Nipissis"
"Sept-Rivières","Sept-Îles","https://ville.sept-iles.qc.ca/fr/couches-lavables_156/"
"Sept-Rivières","Uashat"
"Shawinigan","Shawinigan","https://www.shawinigan.ca/services-aux-citoyens/programmes-et-aide-financiere/couches-lavables/"
"Sherbrooke","Sherbrooke"
"Témiscamingue","Béarn"
"Témiscamingue","Belleterre"
"Témiscamingue","Duhamel-Ouest"
"Témiscamingue","Fugèreville"
"Témiscamingue","Guérin"
"Témiscamingue","Hunter's Point"
"Témiscamingue","Kebaowek"
"Témiscamingue","Kipawa"
"Témiscamingue","Laforce"
"Témiscamingue","Laniel"
"Témiscamingue","Latulipe-et-Gaboury"
"Témiscamingue","Laverlochère-Angliers"
"Témiscamingue","Les Lacs-du-Témiscamingue"
"Témiscamingue","Lorrainville"
"Témiscamingue","Moffet"
"Témiscamingue","Nédélec"
"Témiscamingue","Notre-Dame-du-Nord"
"Témiscamingue","Rémigny"
"Témiscamingue","Saint-Bruno-de-Guigues"
"Témiscamingue","Saint-Édouard-de-Fabre"
"Témiscamingue","Saint-Eugène-de-Guigues"
"Témiscamingue","Témiscaming"
"Témiscamingue","Timiskaming"
"Témiscamingue","Ville-Marie"
"Témiscamingue","Winneway"
"Témiscouata","Auclair"
"Témiscouata","Biencourt"
"Témiscouata","Dégelis"
"Témiscouata","Lac-des-Aigles"
"Témiscouata","Lejeune"
"Témiscouata","Packington"
"Témiscouata","Pohénégamook","http://pohenegamook.net/citoyens/services-municipaux/urbanisme-et-environnement/programme-de-subvention-pour-lachat-de-couches-lavables/"
"Témiscouata","Rivière-Bleue"
"Témiscouata","Saint-Athanase"
"Témiscouata","Saint-Elzéar-de-Témiscouata"
"Témiscouata","Saint-Eusèbe"
"Témiscouata","Saint-Honoré-de-Témiscouata"
"Témiscouata","Saint-Jean-de-la-Lande"
"Témiscouata","Saint-Juste-du-Lac"
"Témiscouata","Saint-Louis-du-Ha! Ha!"
"Témiscouata","Saint-Marc-du-Lac-Long"
"Témiscouata","Saint-Michel-du-Squatec"
"Témiscouata","Saint-Pierre-de-Lamy"
"Témiscouata","Témiscouata-sur-le-Lac"
"Thérèse-De Blainville","Blainville","https://blainville.ca/ville/administration-municipale/soutien-financier#subvention-pour-lachat-de-couches-neuves-lavables"
"Thérèse-De Blainville","Bois-des-Filion","https://subventioncoucheslavables.com/mixte/pdf/pDFprog_couche2010boisdesfilion-2.pdf"
"Thérèse-De Blainville","Boisbriand","https://www.ville.boisbriand.qc.ca/environnement/couches-lavables-et-produits-sanitaires-durables"
"Thérèse-De Blainville","Lorraine","https://ville.lorraine.qc.ca/environnement/subventions"
"Thérèse-De Blainville","Rosemère","https://www.ville.rosemere.qc.ca/jour-de-la-terre---22-avril/"
"Thérèse-De Blainville","Sainte-Anne-des-Plaines","https://www.villesadp.ca/services-citoyens/collectes-et-environnement/"
"Thérèse-De Blainville","Sainte-Thérèse"
"Trois-Rivières","Trois-Rivières","https://ressourcesnaissance.ca/couches/"
"Vaudreuil-Soulanges","Coteau-du-Lac"
"Vaudreuil-Soulanges","Hudson"
"Vaudreuil-Soulanges","L'Île-Cadieux"
"Vaudreuil-Soulanges","L'Île-Perrot"
"Vaudreuil-Soulanges","Les Cèdres","https://www.ville.lescedres.qc.ca/fr/services-aux-citoyens/environnement/subventions-environnementales"
"Vaudreuil-Soulanges","Les Coteaux","https://les-coteaux.qc.ca/citoyens/loisirs-vie-communautaire/programmes-de-subvention/"
"Vaudreuil-Soulanges","Notre-Dame-de-l'Île-Perrot","https://www.ndip.org/initiatives-tellement-environnementales/"
"Vaudreuil-Soulanges","Pincourt","https://www.villepincourt.qc.ca/fr/services-aux-citoyens/environnement/fr/subventions-environnementales"
"Vaudreuil-Soulanges","Pointe-des-Cascades"
"Vaudreuil-Soulanges","Pointe-Fortune","https://pointefortune.ca/subvention-aux-citoyens/"
"Vaudreuil-Soulanges","Rigaud"
"Vaudreuil-Soulanges","Rivière-Beaudette"
"Vaudreuil-Soulanges","Saint-Clet"
"Vaudreuil-Soulanges","Saint-Lazare","https://ville.saint-lazare.qc.ca/fr/services-aux-citoyens/aide-financiere-subvention/residents"
"Vaudreuil-Soulanges","Saint-Polycarpe"
"Vaudreuil-Soulanges","Saint-Télesphore"
"Vaudreuil-Soulanges","Saint-Zotique","https://st-zotique.com/environnement/?highlight=couche%20lavable#pacc"
"Vaudreuil-Soulanges","Sainte-Justine-de-Newton"
"Vaudreuil-Soulanges","Sainte-Marthe","http://www.sainte-marthe.ca/http-www-sainte-marthe-ca-wp-content-uploads-formulaire-camp-de-jour-2020-pdf/attachment/formulaire-subvention-couches-lavables/"
"Vaudreuil-Soulanges","Terrasse-Vaudreuil"
"Vaudreuil-Soulanges","Très-Saint-Rédempteur"
"Vaudreuil-Soulanges","Vaudreuil-Dorion","https://www.ville.vaudreuil-dorion.qc.ca/fr/environnement/protection-de-l-environnement/subventions-environnementales"
"Vaudreuil-Soulanges","Vaudreuil-sur-le-Lac"
