"MRC","Municipalite","Arrondissement","url"
"Abitibi","Amos",NA,"https://amos.quebec/medias/Couche-lavable-formulaire-subvention.pdf"
"Abitibi","Barraute",NA,"https://71748b48-536a-4845-9101-a9011d5929bd.filesusr.com/ugd/f80962_d3288360054f4373a02989af4965cb7a.pdf"
"Abitibi-Ouest","La Sarre",NA,"http://www.ville.lasarre.qc.ca/documents/pages/programme-aide-couches-lavables.pdf"
"Acton","Béthanie",NA,"http://municipalitedebethanie.ca/services-offerts/"
"Antoine-Labelle","Chute-Saint-Philippe",NA,"https://www.chute-saint-philippe.ca/subvention-couches-lavables"
"Antoine-Labelle","Lac-des-Écorces",NA,"https://www.lacdesecorces.ca/subvention-couches-lavables"
"Argenteuil","Brownsburg-Chatham",NA,"https://www.riadm.ca/index.php/nos-activites/programme-daide-financiere-couches-lavables/"
"Argenteuil","Lachute",NA,"https://www.riadm.ca/index.php/nos-activites/programme-daide-financiere-couches-lavables/"
"Argenteuil","Saint-André-d'Argenteuil",NA,"https://www.riadm.ca/index.php/nos-activites/programme-daide-financiere-couches-lavables/"
"Arthabaska","Chesterville",NA,"https://cdn.shopify.com/s/files/1/0370/8531/5131/files/Depliant_couches_lavables.pdf?v=1594734215"
"Arthabaska","Kingsey Falls",NA,"https://www.rigidbny.com/2019/12/30/modification-du-programme-de-couches-lavables/"
"Arthabaska","Tingwick",NA,"https://www.tingwick.ca/articles/subvention-pour-l-utilisation-de-couches-lavables"
"Arthabaska","Victoriaville",NA,"https://www.victoriaville.ca/page/1358/subvention-pour-lutilisation-des-couches-lavables.aspx"
"Avignon","Carleton-sur-Mer",NA,"https://carletonsurmer.com/osons-vert/"
"Beauce-Sartigan","Saint-Georges",NA,"http://www.saint-georges.ca/vivre-a-saint-georges/environnement/couches-lavables/#:~:text=Dans%20le%20cadre%20de%20sa,pour%20les%20couches%20de%20coton.&text=vous%20devez%20faire%20l'achat,coton%20(minimum%2024%20couches)."
"Beauharnois-Salaberry","Beauharnois",NA,"https://ville.beauharnois.qc.ca/subvention-pour-lachat-de-couches-lavables/"
"Beauharnois-Salaberry","Saint-Louis-de-Gonzague",NA,"http://saint-louis-de-gonzague.com/news/couches-lavables/"
"Beauharnois-Salaberry","Saint-Louis-de-Gonzague",NA,"http://saint-louis-de-gonzague.com/news/couches-lavables/"
"Beauharnois-Salaberry","Sainte-Martine",NA,"https://sainte-martine.ca/wp-content/uploads/2021/03/2020-361_couche_produit_sanitaire.pdf"
"Beauharnois-Salaberry","Salaberry-de-Valleyfield",NA,"https://www.ville.valleyfield.qc.ca/couches-lavables"
"Bécancour","Bécancour",NA,"https://www.rigidbny.com/2019/12/30/modification-du-programme-de-couches-lavables/https://www.rigidbny.com/2019/12/30/modification-du-programme-de-couches-lavables/"
"Bécancour","Deschaillons-sur-Saint-Laurent",NA,"https://www.rigidbny.com/2019/12/30/modification-du-programme-de-couches-lavables/https://www.mrclotbiniere.org/services-aux-citoyens/programmes-et-mesures/couches-reutilisables/"
"Bécancour","Fortierville",NA,"https://www.rigidbny.com/2019/12/30/modification-du-programme-de-couches-lavables/"
"Bécancour","Lemieux",NA,"https://www.rigidbny.com/2019/12/30/modification-du-programme-de-couches-lavables/"
"Bécancour","Manseau",NA,"https://www.rigidbny.com/2019/12/30/modification-du-programme-de-couches-lavables/"
"Bécancour","Parisville",NA,"https://www.rigidbny.com/2019/12/30/modification-du-programme-de-couches-lavables/https://www.mrclotbiniere.org/services-aux-citoyens/programmes-et-mesures/couches-reutilisables/"
"Bécancour","Saint-Pierre-les-Becquets",NA,"https://www.rigidbny.com/2019/12/30/modification-du-programme-de-couches-lavables/"
"Bécancour","Saint-Sylvère",NA,"https://www.rigidbny.com/2019/12/30/modification-du-programme-de-couches-lavables/"
"Bécancour","Sainte-Cécile-de-Lévrard",NA,"https://www.rigidbny.com/2019/12/30/modification-du-programme-de-couches-lavables/"
"Bécancour","Sainte-Françoise",NA,"https://www.rigidbny.com/2019/12/30/modification-du-programme-de-couches-lavables/"
"Bécancour","Sainte-Françoise",NA,"https://www.rigidbny.com/2019/12/30/modification-du-programme-de-couches-lavables/"
"Bécancour","Sainte-Marie-de-Blandford",NA,"https://www.rigidbny.com/2019/12/30/modification-du-programme-de-couches-lavables/"
"Bécancour","Sainte-Sophie-de-Lévrard",NA,"https://www.rigidbny.com/2019/12/30/modification-du-programme-de-couches-lavables/"
"Bécancour","Wôlinak",NA,"https://www.rigidbny.com/2019/12/30/modification-du-programme-de-couches-lavables/"
"Brome-Missisquoi","Bromont",NA,"https://www.bromont.net/services-aux-citoyens/environnement/subventions-environnementales/demande-de-remboursement-pour-des-couches-lavables/"
"Brome-Missisquoi","Cowansville",NA,"https://www.cowansville.ca/citoyens/environnement/subventions#subvention-pour-lachat-de-couches-lavables"
"Brome-Missisquoi","Farnham",NA,"https://www.ville.farnham.qc.ca/wp-content/uploads/2016/06/Politique-couches.pdf"
"Charlevoix-Est","Baie-Sainte-Catherine",NA,"http://mescollectes.ca/programme-aide-financiere-couches-lavables/"
"Charlevoix-Est","Clermont",NA,"http://mescollectes.ca/programme-aide-financiere-couches-lavables/"
"Charlevoix-Est","Clermont",NA,"http://mescollectes.ca/programme-aide-financiere-couches-lavables/"
"Charlevoix-Est","La Malbaie",NA,"http://mescollectes.ca/programme-aide-financiere-couches-lavables/"
"Charlevoix-Est","Mont-Élie",NA,"http://mescollectes.ca/programme-aide-financiere-couches-lavables/"
"Charlevoix-Est","Notre-Dame-des-Monts",NA,"http://mescollectes.ca/programme-aide-financiere-couches-lavables/"
"Charlevoix-Est","Sagard",NA,"http://mescollectes.ca/programme-aide-financiere-couches-lavables/"
"Charlevoix-Est","Saint-Aimé-des-Lacs",NA,"http://mescollectes.ca/programme-aide-financiere-couches-lavables/"
"Charlevoix-Est","Saint-Irénée",NA,"http://mescollectes.ca/programme-aide-financiere-couches-lavables/"
"Charlevoix-Est","Saint-Siméon",NA,"http://mescollectes.ca/programme-aide-financiere-couches-lavables/"
"Charlevoix-Est","Saint-Siméon",NA,"http://mescollectes.ca/programme-aide-financiere-couches-lavables/"
"Coaticook","Barnston-Ouest",NA,"https://www.coaticook.ca/upload/DOCUMENTS/formulaire%20programme%20couche%20incontinence%20diva%20cup%20etc%20(2021).docxhttps://www.barnston-ouest.ca/fr/citoyen/familles-aines-et-loisirs.php"
"Coaticook","Coaticook",NA,"https://www.coaticook.ca/upload/DOCUMENTS/formulaire%20programme%20couche%20incontinence%20diva%20cup%20etc%20(2021).docxhttps://www.coaticook.ca/upload/DOCUMENTS/formulaire%20programme%20couche%20incontinence%20diva%20cup%20etc%20(2021).docx"
"Coaticook","Compton",NA,"https://www.coaticook.ca/upload/DOCUMENTS/formulaire%20programme%20couche%20incontinence%20diva%20cup%20etc%20(2021).docxhttps://www.compton.ca/fr/citoyen/familles_aines_jeunes.php"
"Coaticook","Dixville",NA,"https://www.coaticook.ca/upload/DOCUMENTS/formulaire%20programme%20couche%20incontinence%20diva%20cup%20etc%20(2021).docx"
"Coaticook","East Hereford",NA,"https://www.coaticook.ca/upload/DOCUMENTS/formulaire%20programme%20couche%20incontinence%20diva%20cup%20etc%20(2021).docx"
"Coaticook","Martinville",NA,"https://www.coaticook.ca/upload/DOCUMENTS/formulaire%20programme%20couche%20incontinence%20diva%20cup%20etc%20(2021).docx"
"Coaticook","Saint-Herménégilde",NA,"https://www.coaticook.ca/upload/DOCUMENTS/formulaire%20programme%20couche%20incontinence%20diva%20cup%20etc%20(2021).docxhttps://www.st-hermenegilde.ca/fr/citoyens/familles-et-aines.php"
"Coaticook","Saint-Malo",NA,"https://www.coaticook.ca/upload/DOCUMENTS/formulaire%20programme%20couche%20incontinence%20diva%20cup%20etc%20(2021).docx"
"Coaticook","Saint-Venant-de-Paquette",NA,"https://www.coaticook.ca/upload/DOCUMENTS/formulaire%20programme%20couche%20incontinence%20diva%20cup%20etc%20(2021).docx"
"Coaticook","Sainte-Edwidge-de-Clifton",NA,"https://www.coaticook.ca/upload/DOCUMENTS/formulaire%20programme%20couche%20incontinence%20diva%20cup%20etc%20(2021).docx"
"Coaticook","Stanstead-Est",NA,"https://www.coaticook.ca/upload/DOCUMENTS/formulaire%20programme%20couche%20incontinence%20diva%20cup%20etc%20(2021).docx"
"Coaticook","Waterville",NA,"https://www.coaticook.ca/upload/DOCUMENTS/formulaire%20programme%20couche%20incontinence%20diva%20cup%20etc%20(2021).docx"
"Communauté maritime des Îles-de-la-Madeleine","Les Îles-de-la-Madeleine",NA,"https://www.muniles.ca/services-aux-citoyens/familles-et-aines/"
"D'Autray","Berthierville",NA,"http://www.mrcautray.qc.ca/programmes/aide-utilisation-couches-lavables/"
"D'Autray","La Visitation-de-l'Île-Dupas",NA,"http://www.mrcautray.qc.ca/programmes/aide-utilisation-couches-lavables/"
"D'Autray","Lanoraie",NA,"http://www.mrcautray.qc.ca/programmes/aide-utilisation-couches-lavables/"
"D'Autray","Lavaltrie",NA,"http://www.mrcautray.qc.ca/programmes/aide-utilisation-couches-lavables/"
"D'Autray","Mandeville",NA,"http://www.mrcautray.qc.ca/programmes/aide-utilisation-couches-lavables/"
"D'Autray","Saint-Barthélemy",NA,"http://www.mrcautray.qc.ca/programmes/aide-utilisation-couches-lavables/"
"D'Autray","Saint-Cléophas-de-Brandon",NA,"http://www.mrcautray.qc.ca/programmes/aide-utilisation-couches-lavables/"
"D'Autray","Saint-Cuthbert",NA,"http://www.mrcautray.qc.ca/programmes/aide-utilisation-couches-lavables/"
"D'Autray","Saint-Didace",NA,"http://www.mrcautray.qc.ca/programmes/aide-utilisation-couches-lavables/"
"D'Autray","Saint-Gabriel",NA,"http://www.mrcautray.qc.ca/programmes/aide-utilisation-couches-lavables/"
"D'Autray","Saint-Gabriel-de-Brandon",NA,"http://www.mrcautray.qc.ca/programmes/aide-utilisation-couches-lavables/"
"D'Autray","Saint-Ignace-de-Loyola",NA,"http://www.mrcautray.qc.ca/programmes/aide-utilisation-couches-lavables/"
"D'Autray","Saint-Norbert",NA,"http://www.mrcautray.qc.ca/programmes/aide-utilisation-couches-lavables/"
"D'Autray","Sainte-Élisabeth",NA,"http://www.mrcautray.qc.ca/programmes/aide-utilisation-couches-lavables/"
"D'Autray","Sainte-Geneviève-de-Berthier",NA,"http://www.mrcautray.qc.ca/programmes/aide-utilisation-couches-lavables/"
"D'Autray","TNO aquatique de la MRC de D'Autray",NA,"http://www.mrcautray.qc.ca/programmes/aide-utilisation-couches-lavables/"
"Deux-Montagnes","Deux-Montagnes",NA,"https://www.ville.deux-montagnes.qc.ca/services-municipaux/services-aux-citoyens/programme-une-naissance-un-livre-un-arbre-un-environnement-sain/https://www.ville.deux-montagnes.qc.ca/services-municipaux/services-aux-citoyens/programme-une-naissance-un-livre-un-arbre-un-environnement-sain/"
"Deux-Montagnes","Kanesatake",NA,"https://www.ville.deux-montagnes.qc.ca/services-municipaux/services-aux-citoyens/programme-une-naissance-un-livre-un-arbre-un-environnement-sain/"
"Deux-Montagnes","Oka",NA,"https://www.ville.deux-montagnes.qc.ca/services-municipaux/services-aux-citoyens/programme-une-naissance-un-livre-un-arbre-un-environnement-sain/https://www.municipalite.oka.qc.ca/nouvelles-programme-d-aide-pour-l-achat-de-couches-lavables/"
"Deux-Montagnes","Pointe-Calumet",NA,"https://www.ville.deux-montagnes.qc.ca/services-municipaux/services-aux-citoyens/programme-une-naissance-un-livre-un-arbre-un-environnement-sain/https://www.pointe-calumet.ca/programmes-et-subventions/#:~:text=Montant%20de%20l'aide%20financi%C3%A8re,minimum%20de%2015%20couches%20lavables."
"Deux-Montagnes","Saint-Eustache",NA,"https://www.ville.deux-montagnes.qc.ca/services-municipaux/services-aux-citoyens/programme-une-naissance-un-livre-un-arbre-un-environnement-sain/https://www.saint-eustache.ca/citoyens-environnement/couches-lavables"
"Deux-Montagnes","Saint-Joseph-du-Lac",NA,"https://www.ville.deux-montagnes.qc.ca/services-municipaux/services-aux-citoyens/programme-une-naissance-un-livre-un-arbre-un-environnement-sain/https://sjdl.qc.ca/services-municipaux/environnement/programmes-de-subvention/"
"Deux-Montagnes","Saint-Placide",NA,"https://www.ville.deux-montagnes.qc.ca/services-municipaux/services-aux-citoyens/programme-une-naissance-un-livre-un-arbre-un-environnement-sain/http://www.riadm.ca/index.php/nos-activites/programme-daide-financiere-couches-lavables/?fbclid=IwAR2fh5l0WPx-9M8XrwGKPurHodwUzfbLaFQRvltRilwU08LrziEkWlGORw8"
"Deux-Montagnes","Sainte-Marthe-sur-le-Lac",NA,"https://www.ville.deux-montagnes.qc.ca/services-municipaux/services-aux-citoyens/programme-une-naissance-un-livre-un-arbre-un-environnement-sain/http://www.ville.sainte-marthe-sur-le-lac.qc.ca/services-municipaux/environnement/subventions-environnementales/"
"Drummond","Saint-Cyrille-de-Wendover",NA,"https://www.stcyrille.qc.ca/documents/couches-lavables-politique-de-remboursement"
"Jamésie","Matagami",NA,"https://matagami.com/project/programme-de-subvention-couches-lavables/"
"Joliette","Crabtree",NA,"https://crabtree.quebec/wp-content/uploads/2018/04/politique-daide-financiere-pour-lachat-de-couches-lavables-depliant.pdf"
"Joliette","Notre-Dame-des-Prairies",NA,"https://www.notredamedesprairies.com/famille-et-communaute/programmes-de-subvention/#:~:text=C'est%20une%20subvention%20pouvant,un%20geste%20pour%20l'environnement."
"Joliette","Saint-Paul",NA,"https://saintpaul.quebec/services-aux-citoyens/politiques-programmes-soutien/"
"Kamouraska","Saint-Alexandre-de-Kamouraska",NA,"https://www.stalexkamouraska.com/pages/programmes-de-soutien"
"Kamouraska","Saint-Pacôme",NA,"http://www.st-pacome.ca/wp-content/uploads/2020/12/341-R%C3%A8glement-%C3%A9tablissant-un-programme-daide-financi%C3%A8re-pour-lachat-de-couches-lavables.pdf"
"Kamouraska","Saint-Pascal",NA,"https://villesaintpascal.com/wp-content/uploads/2017/05/Formulaire-programme-couches-lavables-%C3%A0-compl%C3%A9ter.pdf"
"Kamouraska","Sainte-Anne-de-la-Pocatière",NA,"https://www.lapocatiere.ca/services-aux-citoyens/programme-et-subventions/programme-de-subvention-a-lachat-de-couches-lavables/"
"L'Assomption","Charlemagne",NA,"https://app.smartsheet.com/b/form/6a63799398a349cfb91878386dd9e96a"
"L'Assomption","L'Assomption",NA,"https://app.smartsheet.com/b/form/6a63799398a349cfb91878386dd9e96ahttps://app.smartsheet.com/b/form/6a63799398a349cfb91878386dd9e96a"
"L'Assomption","L'Épiphanie",NA,"https://app.smartsheet.com/b/form/6a63799398a349cfb91878386dd9e96ahttp://www.lepiphanie.ca/Programme%20subvention%20Couches%20lavables-2019-2.pdf"
"L'Assomption","Repentigny",NA,"https://app.smartsheet.com/b/form/6a63799398a349cfb91878386dd9e96ahttps://www.ville.repentigny.qc.ca/vie-citoyenne/environnement/activites-municipales/couches-lavables-(1).html"
"L'Assomption","Saint-Sulpice",NA,"https://app.smartsheet.com/b/form/6a63799398a349cfb91878386dd9e96a"
"L'Assomption","TNO aquatique de la MRC de L'Assomption",NA,"https://app.smartsheet.com/b/form/6a63799398a349cfb91878386dd9e96a"
"L'Érable","Lyster",NA,"https://lyster.ca/programmes-offerts/achat-de-couches-en-coton/"
"L'Érable","Plessisville",NA,"https://plessisville.quebec/affaires/programme-d-aide-financiere/couches-lavables/"
"L'Érable","Plessisville",NA,"https://plessisville.quebec/affaires/programme-d-aide-financiere/couches-lavables/"
"L'Érable","Plessisville",NA,"https://plessisville.quebec/affaires/programme-d-aide-financiere/couches-lavables/"
"L'Érable","Plessisville",NA,"https://plessisville.quebec/affaires/programme-d-aide-financiere/couches-lavables/"
"L'Érable","Princeville",NA,"https://villedeprinceville.qc.ca/programme-aide-achat-couches-lavables/"
"L'Île-d'Orléans","Saint-François-de-l'Île-d'Orléans",NA,"http://mrc.iledorleans.com/fra/services/pgmr-collecte-dechet-et-recyclage/reduction-a-la-source.asp"
"L'Île-d'Orléans","Saint-Jean-de-l'Île-d'Orléans",NA,"http://mrc.iledorleans.com/fra/services/pgmr-collecte-dechet-et-recyclage/reduction-a-la-source.asp"
"L'Île-d'Orléans","Saint-Laurent-de-l'Île-d'Orléans",NA,"http://mrc.iledorleans.com/fra/services/pgmr-collecte-dechet-et-recyclage/reduction-a-la-source.asp"
"L'Île-d'Orléans","Saint-Pierre-de-l'Île-d'Orléans",NA,"http://mrc.iledorleans.com/fra/services/pgmr-collecte-dechet-et-recyclage/reduction-a-la-source.asp"
"L'Île-d'Orléans","Sainte-Famille-de-l'Île-d'Orléans",NA,"http://mrc.iledorleans.com/fra/services/pgmr-collecte-dechet-et-recyclage/reduction-a-la-source.asp"
"L'Île-d'Orléans","Sainte-Pétronille",NA,"http://mrc.iledorleans.com/fra/services/pgmr-collecte-dechet-et-recyclage/reduction-a-la-source.asp"
"L'Île-d'Orléans","TNO aquatique de la MRC de L'Île-d'Orléans",NA,"http://mrc.iledorleans.com/fra/services/pgmr-collecte-dechet-et-recyclage/reduction-a-la-source.asp"
"La Côte-de-Beaupré","Beaupré",NA,"https://www.villedebeaupre.com/pages/programmes-daide"
"La Côte-de-Beaupré","Boischatel",NA,"https://www.boischatel.ca/citoyens/programmes-aide/"
"La Côte-de-Beaupré","L'Ange-Gardien",NA,"https://langegardien.qc.ca/les-services/environnement/ressources-et-subventions/#couche-lavable"
"La Côte-de-Beaupré","L'Ange-Gardien",NA,"https://langegardien.qc.ca/les-services/environnement/ressources-et-subventions/#couche-lavable"
"La Haute-Yamaska","Granby",NA,"https://granby.ca/fr/subvention-couches-de-coton"
"La Haute-Yamaska","Shefford",NA,"https://cantonshefford.qc.ca/services/citoyen/programme-pour-lachat-de-couches-reutilisables/"
"La Haute-Yamaska","Waterloo",NA,"https://ville.waterloo.qc.ca/subventions-et-aides-financieres/couches-lavables/"
"La Jacques-Cartier","Lac-Delage",NA,"https://www.lacdelage.qc.ca/pages/Environnement"
"La Jacques-Cartier","Saint-Gabriel-de-Valcartier",NA,"http://saint-gabriel-de-valcartier.ca/wp-content/uploads/Formulaire-couches-r%C3%A9utilisables-1.pdf"
"La Jacques-Cartier","Sainte-Brigitte-de-Laval",NA,"https://sbdl.net/formulaire-de-demande-daide-pour-lutilisation-de-couches-lavables/"
"La Jacques-Cartier","Stoneham-et-Tewkesbury",NA,"https://www.villestoneham.com/citoyens/environnement/collectes-et-matieres-residuelles#programmes-et-subventions"
"La Matanie","Matane",NA,"https://www.environnementmatane.ca/environnement/fonds-vert/projets-realises.html"
"La Matapédia","Lac-Matapédia",NA,"https://www.ecoregie.ca/reduction-a-la-source/subvention-couches-lavables.html#:~:text=Ce%20programme%20est%20simple%2C%20au,r%C3%A9siduelles%20d'au%20moins%20une"
"La Matapédia","Saint-Damase",NA,"https://www.st-damase.qc.ca/programme-couche-lavable/"
"La Matapédia","Saint-Damase",NA,"https://www.st-damase.qc.ca/programme-couche-lavable/"
"La Matapédia","Sayabec",NA,"https://subventioncoucheslavables.com/mixte/pdf/sayabec.pdf"
"La Mitis","Grand-Métis",NA,"https://www.ecoregie.ca/reduction-a-la-source/subvention-couches-lavables.html#:~:text=Ce%20programme%20est%20simple%2C%20au,r%C3%A9siduelles%20d'au%20moins%20une"
"La Mitis","La Rédemption",NA,"https://www.ecoregie.ca/reduction-a-la-source/subvention-couches-lavables.html#:~:text=Ce%20programme%20est%20simple%2C%20au,r%C3%A9siduelles%20d'au%20moins%20une"
"La Mitis","Lac-à-la-Croix",NA,"https://www.ecoregie.ca/reduction-a-la-source/subvention-couches-lavables.html#:~:text=Ce%20programme%20est%20simple%2C%20au,r%C3%A9siduelles%20d'au%20moins%20une"
"La Mitis","Lac-des-Eaux-Mortes",NA,"https://www.ecoregie.ca/reduction-a-la-source/subvention-couches-lavables.html#:~:text=Ce%20programme%20est%20simple%2C%20au,r%C3%A9siduelles%20d'au%20moins%20une"
"La Mitis","Les Hauteurs",NA,"https://www.ecoregie.ca/reduction-a-la-source/subvention-couches-lavables.html#:~:text=Ce%20programme%20est%20simple%2C%20au,r%C3%A9siduelles%20d'au%20moins%20une"
"La Mitis","Métis-sur-Mer","MacNider","https://www.ecoregie.ca/reduction-a-la-source/subvention-couches-lavables.html#:~:text=Ce%20programme%20est%20simple%2C%20au,r%C3%A9siduelles%20d'au%20moins%20une"
"La Mitis","Métis-sur-Mer",NA,"https://www.ecoregie.ca/reduction-a-la-source/subvention-couches-lavables.html#:~:text=Ce%20programme%20est%20simple%2C%20au,r%C3%A9siduelles%20d'au%20moins%20une"
"La Mitis","Mont-Joli",NA,"https://www.ecoregie.ca/reduction-a-la-source/subvention-couches-lavables.html#:~:text=Ce%20programme%20est%20simple%2C%20au,r%C3%A9siduelles%20d'au%20moins%20une"
"La Mitis","Padoue",NA,"https://www.ecoregie.ca/reduction-a-la-source/subvention-couches-lavables.html#:~:text=Ce%20programme%20est%20simple%2C%20au,r%C3%A9siduelles%20d'au%20moins%20une"
"La Mitis","Price",NA,"https://www.ecoregie.ca/reduction-a-la-source/subvention-couches-lavables.html#:~:text=Ce%20programme%20est%20simple%2C%20au,r%C3%A9siduelles%20d'au%20moins%20une"
"La Mitis","Saint-Charles-Garnier",NA,"https://www.ecoregie.ca/reduction-a-la-source/subvention-couches-lavables.html#:~:text=Ce%20programme%20est%20simple%2C%20au,r%C3%A9siduelles%20d'au%20moins%20une"
"La Mitis","Saint-Donat",NA,"https://www.ecoregie.ca/reduction-a-la-source/subvention-couches-lavables.html#:~:text=Ce%20programme%20est%20simple%2C%20au,r%C3%A9siduelles%20d'au%20moins%20une"
"La Mitis","Saint-Donat",NA,"https://www.ecoregie.ca/reduction-a-la-source/subvention-couches-lavables.html#:~:text=Ce%20programme%20est%20simple%2C%20au,r%C3%A9siduelles%20d'au%20moins%20une"
"La Mitis","Saint-Gabriel-de-Rimouski",NA,"https://www.ecoregie.ca/reduction-a-la-source/subvention-couches-lavables.html#:~:text=Ce%20programme%20est%20simple%2C%20au,r%C3%A9siduelles%20d'au%20moins%20une"
"La Mitis","Saint-Joseph-de-Lepage",NA,"https://www.ecoregie.ca/reduction-a-la-source/subvention-couches-lavables.html#:~:text=Ce%20programme%20est%20simple%2C%20au,r%C3%A9siduelles%20d'au%20moins%20une"
"La Mitis","Saint-Octave-de-Métis",NA,"https://www.ecoregie.ca/reduction-a-la-source/subvention-couches-lavables.html#:~:text=Ce%20programme%20est%20simple%2C%20au,r%C3%A9siduelles%20d'au%20moins%20une"
"La Mitis","Sainte-Angèle-de-Mérici",NA,"https://www.ecoregie.ca/reduction-a-la-source/subvention-couches-lavables.html#:~:text=Ce%20programme%20est%20simple%2C%20au,r%C3%A9siduelles%20d'au%20moins%20une"
"La Mitis","Sainte-Flavie",NA,"https://www.ecoregie.ca/reduction-a-la-source/subvention-couches-lavables.html#:~:text=Ce%20programme%20est%20simple%2C%20au,r%C3%A9siduelles%20d'au%20moins%20une"
"La Mitis","Sainte-Jeanne-d'Arc",NA,"https://www.ecoregie.ca/reduction-a-la-source/subvention-couches-lavables.html#:~:text=Ce%20programme%20est%20simple%2C%20au,r%C3%A9siduelles%20d'au%20moins%20unehttps://www.rmrlac.qc.ca/dev/couche-lavable"
"La Mitis","Sainte-Jeanne-d'Arc",NA,"https://www.ecoregie.ca/reduction-a-la-source/subvention-couches-lavables.html#:~:text=Ce%20programme%20est%20simple%2C%20au,r%C3%A9siduelles%20d'au%20moins%20unehttps://www.rmrlac.qc.ca/dev/couche-lavable"
"La Mitis","Sainte-Luce",NA,"https://www.ecoregie.ca/reduction-a-la-source/subvention-couches-lavables.html#:~:text=Ce%20programme%20est%20simple%2C%20au,r%C3%A9siduelles%20d'au%20moins%20unehttps://sainteluce.ca/citoyen/famille.php"
"La Mitis","TNO aquatique de la MRC de La Mitis",NA,"https://www.ecoregie.ca/reduction-a-la-source/subvention-couches-lavables.html#:~:text=Ce%20programme%20est%20simple%2C%20au,r%C3%A9siduelles%20d'au%20moins%20une"
"La Nouvelle-Beauce","Sainte-Marie",NA,"https://www.sainte-marie.ca/2018/09/revision-du-programme-de-subvention-pour-lachat-de-couches-lavables/"
"La Rivière-du-Nord","Prévost",NA,"https://www.ville.prevost.qc.ca/ma-ville/environnement/programmes-de-subvention"
"La Rivière-du-Nord","Saint-Colomban",NA,"https://st-colomban.qc.ca/services-aux-citoyens/environnement/programme-de-couches-lavables/"
"La Rivière-du-Nord","Saint-Hippolyte",NA,"https://saint-hippolyte.ca/services-aux-citoyens/environnement/subventions-environnementales/"
"La Rivière-du-Nord","Saint-Jérôme",NA,"https://www.vsj.ca/aide-financiere-environnementale/"
"La Rivière-du-Nord","Sainte-Sophie",NA,"https://www.stesophie.ca/Politiques-et-programmes"
"La Tuque","Coucoucache",NA,"https://7ac0ac30-7c5d-4ec1-b07e-0a140fc661a0.filesusr.com/ugd/25eb49_c87a64eacdd149229e4fb89d807608e4.pdf"
"La Tuque","La Bostonnais",NA,"https://7ac0ac30-7c5d-4ec1-b07e-0a140fc661a0.filesusr.com/ugd/25eb49_c87a64eacdd149229e4fb89d807608e4.pdf"
"La Tuque","La Tuque",NA,"https://7ac0ac30-7c5d-4ec1-b07e-0a140fc661a0.filesusr.com/ugd/25eb49_c87a64eacdd149229e4fb89d807608e4.pdfhttps://7ac0ac30-7c5d-4ec1-b07e-0a140fc661a0.filesusr.com/ugd/25eb49_c87a64eacdd149229e4fb89d807608e4.pdf"
"La Tuque","Lac-Édouard",NA,"https://7ac0ac30-7c5d-4ec1-b07e-0a140fc661a0.filesusr.com/ugd/25eb49_c87a64eacdd149229e4fb89d807608e4.pdf"
"La Tuque","Obedjiwan",NA,"https://7ac0ac30-7c5d-4ec1-b07e-0a140fc661a0.filesusr.com/ugd/25eb49_c87a64eacdd149229e4fb89d807608e4.pdf"
"La Tuque","Wemotaci",NA,"https://7ac0ac30-7c5d-4ec1-b07e-0a140fc661a0.filesusr.com/ugd/25eb49_c87a64eacdd149229e4fb89d807608e4.pdf"
"La Vallée-de-l'Or","Belcourt",NA,"https://bondebarras.mrcvo.qc.ca/programme-de-subvention/"
"La Vallée-de-l'Or","Kitcisakik",NA,"https://bondebarras.mrcvo.qc.ca/programme-de-subvention/"
"La Vallée-de-l'Or","Lac-Granet",NA,"https://bondebarras.mrcvo.qc.ca/programme-de-subvention/"
"La Vallée-de-l'Or","Lac-Metei",NA,"https://bondebarras.mrcvo.qc.ca/programme-de-subvention/"
"La Vallée-de-l'Or","Lac-Simon",NA,"https://bondebarras.mrcvo.qc.ca/programme-de-subvention/"
"La Vallée-de-l'Or","Lac-Simon",NA,"https://bondebarras.mrcvo.qc.ca/programme-de-subvention/"
"La Vallée-de-l'Or","Malartic",NA,"https://bondebarras.mrcvo.qc.ca/programme-de-subvention/"
"La Vallée-de-l'Or","Matchi-Manitou",NA,"https://bondebarras.mrcvo.qc.ca/programme-de-subvention/"
"La Vallée-de-l'Or","Réservoir-Dozois",NA,"https://bondebarras.mrcvo.qc.ca/programme-de-subvention/"
"La Vallée-de-l'Or","Rivière-Héva",NA,"https://bondebarras.mrcvo.qc.ca/programme-de-subvention/"
"La Vallée-de-l'Or","Senneterre",NA,"https://bondebarras.mrcvo.qc.ca/programme-de-subvention/"
"La Vallée-de-l'Or","Senneterre",NA,"https://bondebarras.mrcvo.qc.ca/programme-de-subvention/"
"La Vallée-de-l'Or","Senneterre",NA,"https://bondebarras.mrcvo.qc.ca/programme-de-subvention/"
"La Vallée-de-l'Or","Senneterre",NA,"https://bondebarras.mrcvo.qc.ca/programme-de-subvention/"
"La Vallée-de-l'Or","Val-d'Or",NA,"https://bondebarras.mrcvo.qc.ca/programme-de-subvention/"
"La Vallée-de-la-Gatineau","Maniwaki",NA,"https://www.ville.maniwaki.qc.ca/index.php/hotel-de-ville/politique-familiale/130-la-ville-annonce-ses-mesures-pour-soutenir-les-jeunes-familles-de-maniwaki"
"La Vallée-du-Richelieu","Beloeil",NA,"https://beloeil.ca/servir/environnement/subventions-aux-citoyens/couches-lavables/"
"La Vallée-du-Richelieu","Carignan",NA,"https://www.carignan.quebec/services/services-municipaux/programme-de-remboursement/"
"La Vallée-du-Richelieu","Chambly",NA,"https://www.ville.chambly.qc.ca/environnement/subventions/"
"La Vallée-du-Richelieu","Mont-Saint-Hilaire",NA,"https://www.villemsh.ca/services-aux-citoyens/programmes-daide-et-subventions/"
"La Vallée-du-Richelieu","Otterburn Park",NA,"https://www.opark.ca/citoyens/aide-financiere-et-subventions/"
"La Vallée-du-Richelieu","Saint-Basile-le-Grand",NA,"https://www.ville.saint-basile-le-grand.qc.ca/vie-citoyenne/reglementation/programmes-daide-financiere/"
"Lac-Saint-Jean-Est","Alma",NA,"https://www.rmrlac.qc.ca/dev/couche-lavable"
"Lac-Saint-Jean-Est","Desbiens",NA,"https://www.rmrlac.qc.ca/dev/couche-lavable"
"Lac-Saint-Jean-Est","Hébertville",NA,"https://www.rmrlac.qc.ca/dev/couche-lavable"
"Lac-Saint-Jean-Est","Hébertville-Station",NA,"https://www.rmrlac.qc.ca/dev/couche-lavable"
"Lac-Saint-Jean-Est","Métabetchouan--Lac-à-la-Croix",NA,"https://www.rmrlac.qc.ca/dev/couche-lavable"
"Lac-Saint-Jean-Est","Saint-Bruno",NA,"https://www.rmrlac.qc.ca/dev/couche-lavable"
"Lac-Saint-Jean-Est","Saint-Henri-de-Taillon",NA,"https://www.rmrlac.qc.ca/dev/couche-lavable"
"Lac-Saint-Jean-Est","Saint-Ludger-de-Milot",NA,"https://www.rmrlac.qc.ca/dev/couche-lavable"
"Lac-Saint-Jean-Est","Saint-Nazaire",NA,"https://www.rmrlac.qc.ca/dev/couche-lavable"
"Laval","Laval",NA,"https://www.laval.ca/Pages/Fr/Citoyens/couches-lavables.aspxhttps://www.laval.ca/Pages/Fr/Citoyens/couches-lavables.aspx"
"Le Domaine-du-Roy","Chambord",NA,"https://www.rmrlac.qc.ca/dev/couche-lavable"
"Le Domaine-du-Roy","La Doré",NA,"https://www.rmrlac.qc.ca/dev/couche-lavable"
"Le Domaine-du-Roy","Mashteuiatsh",NA,"https://www.rmrlac.qc.ca/dev/couche-lavable"
"Le Domaine-du-Roy","Roberval",NA,"https://www.rmrlac.qc.ca/dev/couche-lavable"
"Le Domaine-du-Roy","Saint-André-du-Lac-Saint-Jean",NA,"https://www.rmrlac.qc.ca/dev/couche-lavable"
"Le Domaine-du-Roy","Saint-Félicien",NA,"https://www.rmrlac.qc.ca/dev/couche-lavable"
"Le Domaine-du-Roy","Saint-François-de-Sales",NA,"https://www.rmrlac.qc.ca/dev/couche-lavable"
"Le Domaine-du-Roy","Saint-Prime",NA,"https://www.rmrlac.qc.ca/dev/couche-lavable"
"Le Domaine-du-Roy","Sainte-Hedwidge",NA,"https://www.rmrlac.qc.ca/dev/couche-lavable"
"Le Fjord-du-Saguenay","Bégin",NA,"https://www.mrc-fjord.qc.ca/environnement/couches-lavables/"
"Le Fjord-du-Saguenay","Ferland-et-Boilleau",NA,"https://www.mrc-fjord.qc.ca/environnement/couches-lavables/"
"Le Fjord-du-Saguenay","L'Anse-Saint-Jean",NA,"https://www.mrc-fjord.qc.ca/environnement/couches-lavables/"
"Le Fjord-du-Saguenay","Lac-Ministuk",NA,"https://www.mrc-fjord.qc.ca/environnement/couches-lavables/"
"Le Fjord-du-Saguenay","Lalemant",NA,"https://www.mrc-fjord.qc.ca/environnement/couches-lavables/"
"Le Fjord-du-Saguenay","Larouche",NA,"https://www.mrc-fjord.qc.ca/environnement/couches-lavables/"
"Le Fjord-du-Saguenay","Mont-Valin",NA,"https://www.mrc-fjord.qc.ca/environnement/couches-lavables/"
"Le Fjord-du-Saguenay","Petit-Saguenay",NA,"https://www.mrc-fjord.qc.ca/environnement/couches-lavables/"
"Le Fjord-du-Saguenay","Rivière-Éternité",NA,"https://www.mrc-fjord.qc.ca/environnement/couches-lavables/"
"Le Fjord-du-Saguenay","Saint-Ambroise",NA,"https://www.mrc-fjord.qc.ca/environnement/couches-lavables/"
"Le Fjord-du-Saguenay","Saint-Charles-de-Bourget",NA,"https://www.mrc-fjord.qc.ca/environnement/couches-lavables/"
"Le Fjord-du-Saguenay","Saint-David-de-Falardeau",NA,"https://www.mrc-fjord.qc.ca/environnement/couches-lavables/"
"Le Fjord-du-Saguenay","Saint-Félix-d'Otis",NA,"https://www.mrc-fjord.qc.ca/environnement/couches-lavables/"
"Le Fjord-du-Saguenay","Saint-Fulgence",NA,"https://www.mrc-fjord.qc.ca/environnement/couches-lavables/"
"Le Fjord-du-Saguenay","Saint-Honoré",NA,"https://www.mrc-fjord.qc.ca/environnement/couches-lavables/"
"Le Fjord-du-Saguenay","Sainte-Rose-du-Nord",NA,"https://www.mrc-fjord.qc.ca/environnement/couches-lavables/"
"Le Fjord-du-Saguenay","TNO aquatique de la MRC du Fjord-du-Saguenay",NA,"https://www.mrc-fjord.qc.ca/environnement/couches-lavables/"
"Le Golfe-du-Saint-Laurent","Saint-Augustin",NA,"https://www.rmrlac.qc.ca/dev/couche-lavable"
"Le Golfe-du-Saint-Laurent","Saint-Augustin",NA,"https://www.rmrlac.qc.ca/dev/couche-lavable"
"Le Granit","Lac-Mégantic",NA,"https://www.ville.lac-megantic.qc.ca/subventions-pour-lachat-de-couches-reutilisables-2/#:~:text=La%20Ville%20de%20Lac%2DM%C3%A9gantic,Les%20couches%20lavables%20sont%20%3A&text=%C3%A9conomiques%20%3A%20Pour%20deux%20ans%20et,300%20%24%20pour%20des%20couches%20lavables."
"Le Haut-Richelieu","Saint-Jean-sur-Richelieu",NA,"https://sjsr.ca/environnement/programmes-aide-incitatifs/produits-reutilisables/"
"Le Haut-Saint-François","Cookshire-Eaton",NA,"https://www.cookshire-eaton.qc.ca/couches-lavables-aide-financiere/"
"Le Haut-Saint-François","Dudswell",NA,"http://municipalitededudswell.ca/programme-daide-pour-lachat-de-couches-lavables/"
"Le Rocher-Percé","Chandler",NA,"https://www.facebook.com/villedechandler/photos/a.189547274411062/4054607204571697/?type=3&theater"
"Le Val-Saint-François","Bonsecours",NA,"https://www.val-saint-francois.qc.ca/services/couches-lavables/"
"Le Val-Saint-François","Cleveland",NA,"https://www.val-saint-francois.qc.ca/services/couches-lavables/"
"Le Val-Saint-François","Kingsbury",NA,"https://www.val-saint-francois.qc.ca/services/couches-lavables/"
"Le Val-Saint-François","Lawrenceville",NA,"https://www.val-saint-francois.qc.ca/services/couches-lavables/"
"Le Val-Saint-François","Maricourt",NA,"https://www.val-saint-francois.qc.ca/services/couches-lavables/"
"Le Val-Saint-François","Melbourne",NA,"https://www.val-saint-francois.qc.ca/services/couches-lavables/"
"Le Val-Saint-François","Racine",NA,"https://www.val-saint-francois.qc.ca/services/couches-lavables/"
"Le Val-Saint-François","Richmond",NA,"https://www.val-saint-francois.qc.ca/services/couches-lavables/"
"Le Val-Saint-François","Saint-Claude",NA,"https://www.val-saint-francois.qc.ca/services/couches-lavables/"
"Le Val-Saint-François","Saint-Denis-de-Brompton",NA,"https://www.val-saint-francois.qc.ca/services/couches-lavables/"
"Le Val-Saint-François","Saint-François-Xavier-de-Brompton",NA,"https://www.val-saint-francois.qc.ca/services/couches-lavables/"
"Le Val-Saint-François","Sainte-Anne-de-la-Rochelle",NA,"https://www.val-saint-francois.qc.ca/services/couches-lavables/"
"Le Val-Saint-François","Stoke",NA,"https://www.val-saint-francois.qc.ca/services/couches-lavables/"
"Le Val-Saint-François","TNO aquatique de la MRC du Val-Saint-François",NA,"https://www.val-saint-francois.qc.ca/services/couches-lavables/"
"Le Val-Saint-François","Ulverton",NA,"https://www.val-saint-francois.qc.ca/services/couches-lavables/"
"Le Val-Saint-François","Val-Joli",NA,"https://www.val-saint-francois.qc.ca/services/couches-lavables/"
"Le Val-Saint-François","Valcourt",NA,"https://www.val-saint-francois.qc.ca/services/couches-lavables/"
"Le Val-Saint-François","Valcourt",NA,"https://www.val-saint-francois.qc.ca/services/couches-lavables/"
"Le Val-Saint-François","Valcourt",NA,"https://www.val-saint-francois.qc.ca/services/couches-lavables/"
"Le Val-Saint-François","Valcourt",NA,"https://www.val-saint-francois.qc.ca/services/couches-lavables/"
"Le Val-Saint-François","Windsor",NA,"https://www.val-saint-francois.qc.ca/services/couches-lavables/"
"Les Appalaches","Thetford Mines",NA,"https://www.villethetford.ca/vivre-a-thetford/programmes-daide-financiere/couches-lavables/"
"Les Chenaux","Notre-Dame-du-Mont-Carmel",NA,"https://mont-carmel.org/file/programme-de-soutien-achat-de-couches--r--utilisables.pdf"
"Les Chenaux","Saint-Stanislas",NA,"https://www.rmrlac.qc.ca/dev/couche-lavable"
"Les Chenaux","Saint-Stanislas",NA,"https://www.rmrlac.qc.ca/dev/couche-lavable"
"Les Collines-de-l'Outaouais","Cantley",NA,"https://cantley.ca/municipalite/administration/politiques/#:~:text=Subvention%20pour%20les%20couches%20lavables&text=La%20Municipalit%C3%A9%20de%20Cantley%20encourage,Cantley%2C%20et%20ce%2C%20annuellement."
"Les Collines-de-l'Outaouais","L'Ange-Gardien",NA,"https://langegardien.qc.ca/les-services/environnement/ressources-et-subventions/#couche-lavable"
"Les Collines-de-l'Outaouais","L'Ange-Gardien",NA,"https://langegardien.qc.ca/les-services/environnement/ressources-et-subventions/#couche-lavable"
"Les Collines-de-l'Outaouais","La Pêche",NA,"http://villelapeche.qc.ca/downloads/Formulaires/2018-Formulaire%20demande%20subvention%20pour%20couches%20lavables.pdf"
"Les Collines-de-l'Outaouais","Val-des-Monts",NA,"http://www.val-des-monts.net/nouvelles/article/304-subvention-pour-les-couches-lavables"
"Les Etchemins","Saint-Louis-de-Gonzague",NA,"http://saint-louis-de-gonzague.com/news/couches-lavables/"
"Les Etchemins","Saint-Louis-de-Gonzague",NA,"http://saint-louis-de-gonzague.com/news/couches-lavables/"
"Les Jardins-de-Napierville","Napierville",NA,"https://www.napierville.ca/fr/subventions"
"Les Jardins-de-Napierville","Saint-Cyprien-de-Napierville",NA,"http://www.st-cypriendenapierville.com/fr/politique-familiale"
"Les Jardins-de-Napierville","Saint-Édouard",NA,"https://www.saintedouard.ca/subvention-pour-lachat-de-couches-lavables"
"Les Jardins-de-Napierville","Saint-Rémi",NA,"https://www.saint-remi.ca/wp-content/uploads/2021/03/Formulaire-Programme-de-subvention-a-lachat-de-couches-reutilisables-pour-enfants.pdf"
"Les Laurentides","Labelle",NA,"https://subventioncoucheslavables.com/mixte/pdf/labelle.pdf"
"Les Laurentides","Mont-Blanc",NA,"https://sflc.ca/subventions-aux-citoyens/"
"Les Laurentides","Mont-Tremblant",NA,"https://www.villedemont-tremblant.qc.ca/public_upload/files/citoyen/programmes/formulaire-bbcolo.pdf?v=75301"
"Les Laurentides","Val-David",NA,"http://www.valdavid.com/services-aux-citoyens/programmes-et-aide-financiere/"
"Les Maskoutains","Saint-Barnabé-Sud",NA,"https://saintbarnabesud.ca/services-aux-citoyens/subvention-achat-de-couches-lavables/"
"Les Maskoutains","Saint-Damase",NA,"https://www.st-damase.qc.ca/programme-couche-lavable/"
"Les Maskoutains","Saint-Damase",NA,"https://www.st-damase.qc.ca/programme-couche-lavable/"
"Les Maskoutains","Sainte-Madeleine",NA,"http://www.villestemadeleine.qc.ca/Couches-lavables.html"
"Les Moulins","Mascouche",NA,"https://mascouche.ca/services-aux-citoyens/subventions/subventions-environnementales/"
"Les Moulins","Terrebonne",NA,"https://www.ville.terrebonne.qc.ca/couches-lavables"
"Les Pays-d'en-Haut","Piedmont",NA,"https://www.piedmont.ca/DATA/DOCUMENT/356~v~formulaire-de-demande-de-subvention_couches-reutilisables.pdf"
"Les Pays-d'en-Haut","Saint-Sauveur",NA,"https://www.vss.ca/services-aux-citoyens/services/programmes-et-subventions"
"Les Pays-d'en-Haut","Sainte-Adèle",NA,"https://ville.sainte-adele.qc.ca/upload/documents/Formulaire-subvention-couches-lavables.pdf"
"Les Pays-d'en-Haut","Sainte-Marguerite-du-Lac-Masson",NA,"https://lacmasson.com/storage/app/media/Plans%20et%20Politiques/152-2020%20Politique%20aide%20financi%C3%A8re%20pour%20couche%20lavable%20-%20En%20vigueur%202020-02-17.pdf"
"Les Sources","Danville",NA,"https://danville.ca/fichiers/couche_lavable_2017_0.pdf"
"Les Sources","Saint-Georges-de-Windsor",NA,"https://vplus-documents.s3.ca-central-1.amazonaws.com/saint-georges-de-windsor/_publication/fichiers/couches-2.pdf"
"Les Sources","Val-des-Sources",NA,"https://valdessources.ca/wp-content/uploads/2021/03/formulaire_couches_lavables.pdf"
"Lévis","Lévis","Desjardins","https://www.ville.levis.qc.ca/environnement-et-collectes/aide-financiere/couches-lavables/https://www.ville.levis.qc.ca/environnement-et-collectes/aide-financiere/couches-lavables/"
"Lévis","Lévis","Les Chutes-de-la-Chaudière-Est","https://www.ville.levis.qc.ca/environnement-et-collectes/aide-financiere/couches-lavables/https://www.ville.levis.qc.ca/environnement-et-collectes/aide-financiere/couches-lavables/"
"Lévis","Lévis","Les Chutes-de-la-Chaudière-Ouest","https://www.ville.levis.qc.ca/environnement-et-collectes/aide-financiere/couches-lavables/https://www.ville.levis.qc.ca/environnement-et-collectes/aide-financiere/couches-lavables/"
"Lévis","Lévis",NA,"https://www.ville.levis.qc.ca/environnement-et-collectes/aide-financiere/couches-lavables/https://www.ville.levis.qc.ca/environnement-et-collectes/aide-financiere/couches-lavables/"
"Longueuil","Boucherville",NA,"https://www.longueuil.quebec/fr/services/developpement-socialhttps://boucherville.ca/residants/reglements/programmes-de-subventions/couches-pour-bebe/"
"Longueuil","Brossard",NA,"https://www.longueuil.quebec/fr/services/developpement-socialhttps://www.brossard.ca/couches-lavables"
"Longueuil","Longueuil","Greenfield Park","https://www.longueuil.quebec/fr/services/developpement-socialhttps://www.longueuil.quebec/fr/services/developpement-social"
"Longueuil","Longueuil","Le Vieux-Longueuil","https://www.longueuil.quebec/fr/services/developpement-socialhttps://www.longueuil.quebec/fr/services/developpement-social"
"Longueuil","Longueuil","Saint-Hubert","https://www.longueuil.quebec/fr/services/developpement-socialhttps://www.longueuil.quebec/fr/services/developpement-social"
"Longueuil","Longueuil",NA,"https://www.longueuil.quebec/fr/services/developpement-socialhttps://www.longueuil.quebec/fr/services/developpement-social"
"Longueuil","Saint-Bruno-de-Montarville",NA,"https://www.longueuil.quebec/fr/services/developpement-socialhttps://stbruno.ca/ville/programmes/programme-aide-financiere-achat-produits-hygieniques-lavables-et-reutilisables/"
"Longueuil","Saint-Lambert",NA,"https://www.longueuil.quebec/fr/services/developpement-social"
"Longueuil","Saint-Lambert",NA,"https://www.longueuil.quebec/fr/services/developpement-social"
"Lotbinière","Dosquet",NA,"https://www.mrclotbiniere.org/services-aux-citoyens/programmes-et-mesures/couches-reutilisables/"
"Lotbinière","Laurier-Station",NA,"https://www.mrclotbiniere.org/services-aux-citoyens/programmes-et-mesures/couches-reutilisables/"
"Lotbinière","Leclercville",NA,"https://www.mrclotbiniere.org/services-aux-citoyens/programmes-et-mesures/couches-reutilisables/"
"Lotbinière","Lotbinière",NA,"https://www.mrclotbiniere.org/services-aux-citoyens/programmes-et-mesures/couches-reutilisables/https://www.mrclotbiniere.org/services-aux-citoyens/programmes-et-mesures/couches-reutilisables/"
"Lotbinière","Notre-Dame-du-Sacré-Coeur-d'Issoudun",NA,"https://www.mrclotbiniere.org/services-aux-citoyens/programmes-et-mesures/couches-reutilisables/"
"Lotbinière","Saint-Agapit",NA,"https://www.mrclotbiniere.org/services-aux-citoyens/programmes-et-mesures/couches-reutilisables/"
"Lotbinière","Saint-Antoine-de-Tilly",NA,"https://www.mrclotbiniere.org/services-aux-citoyens/programmes-et-mesures/couches-reutilisables/"
"Lotbinière","Saint-Apollinaire",NA,"https://www.mrclotbiniere.org/services-aux-citoyens/programmes-et-mesures/couches-reutilisables/"
"Lotbinière","Saint-Édouard-de-Lotbinière",NA,"https://www.mrclotbiniere.org/services-aux-citoyens/programmes-et-mesures/couches-reutilisables/"
"Lotbinière","Saint-Flavien",NA,"https://www.mrclotbiniere.org/services-aux-citoyens/programmes-et-mesures/couches-reutilisables/"
"Lotbinière","Saint-Gilles",NA,"https://www.mrclotbiniere.org/services-aux-citoyens/programmes-et-mesures/couches-reutilisables/"
"Lotbinière","Saint-Janvier-de-Joly",NA,"https://www.mrclotbiniere.org/services-aux-citoyens/programmes-et-mesures/couches-reutilisables/"
"Lotbinière","Saint-Narcisse-de-Beaurivage",NA,"https://www.mrclotbiniere.org/services-aux-citoyens/programmes-et-mesures/couches-reutilisables/"
"Lotbinière","Saint-Patrice-de-Beaurivage",NA,"https://www.mrclotbiniere.org/services-aux-citoyens/programmes-et-mesures/couches-reutilisables/"
"Lotbinière","Saint-Sylvestre",NA,"https://www.mrclotbiniere.org/services-aux-citoyens/programmes-et-mesures/couches-reutilisables/"
"Lotbinière","Sainte-Agathe-de-Lotbinière",NA,"https://www.mrclotbiniere.org/services-aux-citoyens/programmes-et-mesures/couches-reutilisables/"
"Lotbinière","Sainte-Croix",NA,"https://www.mrclotbiniere.org/services-aux-citoyens/programmes-et-mesures/couches-reutilisables/"
"Lotbinière","TNO aquatique de la MRC de Lotbinière",NA,"https://www.mrclotbiniere.org/services-aux-citoyens/programmes-et-mesures/couches-reutilisables/"
"Lotbinière","Val-Alain",NA,"https://www.mrclotbiniere.org/services-aux-citoyens/programmes-et-mesures/couches-reutilisables/"
"Marguerite-D'Youville","Calixa-Lavallée",NA,"https://margueritedyouville.ca/services/environnement-et-matieres-residuelles/programmes-de-subventions"
"Marguerite-D'Youville","Contrecoeur",NA,"https://margueritedyouville.ca/services/environnement-et-matieres-residuelles/programmes-de-subventions"
"Marguerite-D'Youville","Saint-Amable",NA,"https://margueritedyouville.ca/services/environnement-et-matieres-residuelles/programmes-de-subventions"
"Marguerite-D'Youville","Sainte-Julie",NA,"https://margueritedyouville.ca/services/environnement-et-matieres-residuelles/programmes-de-subventions"
"Marguerite-D'Youville","Varennes",NA,"https://margueritedyouville.ca/services/environnement-et-matieres-residuelles/programmes-de-subventions"
"Marguerite-D'Youville","Verchères",NA,"https://margueritedyouville.ca/services/environnement-et-matieres-residuelles/programmes-de-subventions"
"Maria-Chapdelaine","Albanel",NA,"https://www.rmrlac.qc.ca/dev/couche-lavable"
"Maria-Chapdelaine","Dolbeau-Mistassini",NA,"https://www.rmrlac.qc.ca/dev/couche-lavable"
"Maria-Chapdelaine","Girardville",NA,"https://www.rmrlac.qc.ca/dev/couche-lavable"
"Maria-Chapdelaine","Normandin",NA,"https://www.rmrlac.qc.ca/dev/couche-lavable"
"Maria-Chapdelaine","Saint-Augustin",NA,"https://www.rmrlac.qc.ca/dev/couche-lavable"
"Maria-Chapdelaine","Saint-Augustin",NA,"https://www.rmrlac.qc.ca/dev/couche-lavable"
"Maria-Chapdelaine","Saint-Eugène-d'Argentenay",NA,"https://www.rmrlac.qc.ca/dev/couche-lavable"
"Maria-Chapdelaine","Saint-Stanislas",NA,"https://www.rmrlac.qc.ca/dev/couche-lavable"
"Maria-Chapdelaine","Saint-Stanislas",NA,"https://www.rmrlac.qc.ca/dev/couche-lavable"
"Maria-Chapdelaine","Saint-Thomas-Didyme",NA,"https://www.rmrlac.qc.ca/dev/couche-lavable"
"Maria-Chapdelaine","Sainte-Jeanne-d'Arc",NA,"https://www.rmrlac.qc.ca/dev/couche-lavable"
"Maria-Chapdelaine","Sainte-Jeanne-d'Arc",NA,"https://www.rmrlac.qc.ca/dev/couche-lavable"
"Maskinongé","Charette",NA,"https://www.municipalite-charette.ca/programme-subvention-couches-lavables/"
"Maskinongé","Louiseville",NA,"https://ville.louiseville.qc.ca/citoyen/role-devaluation-fonciere/aide-financiere/subvention-couche/"
"Matawinie","Rawdon",NA,"https://rawdon.ca/citoyen/environnement/programmes-aides-financieres/"
"Matawinie","Saint-Alphonse-Rodriguez",NA,"https://www.municipalite.saintalphonserodriguez.qc.ca/subvention-pour-lachat-de-couches-lavables-et-de-produits-durables-dhygiene-feminine"
"Matawinie","Saint-Félix-de-Valois",NA,"https://www.st-felix-de-valois.com/wp-content/uploads/2017/12/medias_2013_07_demande-subvention-couches-coton.pdf"
"Matawinie","Sainte-Émélie-de-l'Énergie",NA,"https://steemelie.ca/fr/vivre/environnement/programme-couches"
"Memphrémagog","Hatley",NA,"https://cantondehatley.ca/gestion/programme-produits-hygieniques-reutilisables/"
"Memphrémagog","Hatley",NA,"https://cantondehatley.ca/gestion/programme-produits-hygieniques-reutilisables/"
"Memphrémagog","Hatley",NA,"https://cantondehatley.ca/gestion/programme-produits-hygieniques-reutilisables/"
"Memphrémagog","Hatley",NA,"https://cantondehatley.ca/gestion/programme-produits-hygieniques-reutilisables/"
"Memphrémagog","Magog",NA,"https://www.ville.magog.qc.ca/informations-services/programmes-et-subventions/"
"Mirabel","Mirabel",NA,"https://mirabel.ca/ville/administration/subventionshttps://mirabel.ca/ville/administration/subventions"
"Montcalm","Saint-Liguori",NA,"https://www.saint-liguori.com/index.php?option=com_content&view=article&id=44:subvention-couches-lavables&catid=13&Itemid=113"
"Montcalm","Saint-Lin--Laurentides",NA,"https://www.saint-lin-laurentides.com/culture-et-communaute/famille/subventions-aux-familles"
"Montcalm","Saint-Roch-de-l'Achigan",NA,"https://www.sra.quebec/programmes-de-subventions"
"Montcalm","Saint-Roch-Ouest",NA,"http://www.saint-roch-ouest.ca/cms/index.php/vivre-ici/couches-reutilisables"
"Montcalm","Sainte-Julienne",NA,"https://www.sainte-julienne.com/environnement/couches-reutilisables/"
"Montréal","Mont-Royal",NA,"https://montreal.ca/demarches/demander-une-subvention-pour-lutilisation-de-couches-lavables-pour-bebes?arrondissement=Le%20Plateau-Mont-Royal"
"Montréal","Montréal","Ahuntsic-Cartierville","https://montreal.ca/demarches/demander-une-subvention-pour-lutilisation-de-couches-lavables-pour-bebes?arrondissement=Ahuntsic-Cartierville"
"Montréal","Montréal","Côte-des-Neiges - Notre-Dame-de-Grâce","https://montreal.ca/demarches/demander-une-subvention-pour-lutilisation-de-couches-lavables-pour-bebes?arrondissement=C%C3%B4te-des-Neiges%E2%80%93Notre-Dame-de-Gr%C3%A2ce"
"Montréal","Montréal","Lachine","https://montreal.ca/demarches/demander-une-subvention-pour-lutilisation-de-couches-lavables-pour-bebes?arrondissement=Lachine"
"Montréal","Montréal","LaSalle","https://montreal.ca/demarches/demander-une-subvention-pour-lutilisation-de-couches-lavables-pour-bebes?arrondissement=LaSalle"
"Montréal","Montréal","Le Sud-Ouest","https://montreal.ca/demarches/demander-une-subvention-pour-lutilisation-de-couches-lavables-pour-bebes?arrondissement=Le%20Sud-Ouest"
"Montréal","Montréal","LÎle-Bizard - Sainte-Geneviève","https://montreal.ca/demarches/demander-une-subvention-pour-lutilisation-de-couches-lavables-pour-bebes?arrondissement=L%27%C3%8Ele-Bizard%E2%80%93Sainte-Genevi%C3%A8ve"
"Montréal","Montréal","Mercier - Hochelaga-Maisonneuve","https://montreal.ca/demarches/demander-une-subvention-pour-lutilisation-de-couches-lavables-pour-bebes?arrondissement=Mercier%E2%80%93Hochelaga-Maisonneuve"
"Montréal","Montréal","Montréal-Nord","https://montreal.ca/demarches/demander-une-subvention-pour-lutilisation-de-couches-lavables-pour-bebes?arrondissement=Montr%C3%A9al-Nord"
"Montréal","Montréal","Pierrefonds - Roxboro","https://montreal.ca/demarches/demander-une-subvention-pour-lutilisation-de-couches-lavables-pour-bebes?arrondissement=Pierrefonds-Roxboro"
"Montréal","Montréal","Rivière-des-Prairies - Pointe-aux-Trembles","https://montreal.ca/demarches/demander-une-subvention-pour-lutilisation-de-couches-lavables-pour-bebes?arrondissement=Rivi%C3%A8re-des-Prairies%E2%80%93Pointe-aux-Trembles"
"Montréal","Montréal","Rosemont - La Petite-Patrie","https://montreal.ca/demarches/demander-une-subvention-pour-lutilisation-de-couches-lavables-pour-bebes?arrondissement=Rosemont%E2%80%93La%20Petite-Patrie"
"Montréal","Montréal","Saint-Laurent","https://montreal.ca/demarches/demander-une-subvention-pour-lutilisation-de-couches-lavables-pour-bebes?arrondissement=Saint-Laurent"
"Montréal","Montréal","Saint-Léonard","https://montreal.ca/demarches/demander-une-subvention-pour-lutilisation-de-couches-lavables-pour-bebes?arrondissement=Saint-L%C3%A9onard"
"Montréal","Montréal","Verdun","https://montreal.ca/demarches/demander-une-subvention-pour-lutilisation-de-couches-lavables-pour-bebes?arrondissement=Verdun"
"Montréal","Montréal","Ville-Marie","https://montreal.ca/demarches/demander-une-subvention-pour-lutilisation-de-couches-lavables-pour-bebes?arrondissement=Ville-Marie"
"Montréal","Montréal","Villeray - Saint-Michel - Parc-Extension","https://montreal.ca/demarches/demander-une-subvention-pour-lutilisation-de-couches-lavables-pour-bebes?arrondissement=Villeray%E2%80%93Saint-Michel%E2%80%93Parc-Extension"
"Nicolet-Yamaska","Nicolet",NA,"https://www.rigidbny.com/2019/12/30/modification-du-programme-de-couches-lavables/"
"Papineau","Thurso",NA,"https://www.ville.thurso.qc.ca/municipalite/programmes-et-politiques-pour-les-familles-et-aines/programme-de-subvention-pour-couches-lavables/"
"Pierre-De Saurel","Sorel-Tracy",NA,"https://www.ville.sorel-tracy.qc.ca/developpement-durable/subventions-environnementales-couches-lavables-produits-d-hygiene-feminine.html#:~:text=Subventions%20environnementales%20(couches%20lavables%2C%20produits%20d'hygi%C3%A8ne%20f%C3%A9minine),%C3%A9coresponsables%20aupr%C3%A8s%20de%20sa%20population.&text=Naissances%20multiples%3A%20225%20%24%20pour%20l,minimum%20de%2036%20couches%20lavables."
"Pierre-De Saurel","Yamaska",NA,"https://www.rigidbny.com/2019/12/30/modification-du-programme-de-couches-lavables/"
"Portneuf","Cap-Santé",NA,"https://villedeportneuf.com/file-8884https://capsante.qc.ca/subventions"
"Portneuf","Deschambault-Grondines",NA,"https://villedeportneuf.com/file-8884https://deschambault-grondines.com/wp-content/uploads/2020/10/Programme-couches-lavables.pdf"
"Portneuf","Donnacona",NA,"https://villedeportneuf.com/file-8884"
"Portneuf","Lac-Blanc",NA,"https://villedeportneuf.com/file-8884"
"Portneuf","Lac-Lapeyrère",NA,"https://villedeportneuf.com/file-8884"
"Portneuf","Lac-Sergent",NA,"https://villedeportneuf.com/file-8884"
"Portneuf","Linton",NA,"https://villedeportneuf.com/file-8884"
"Portneuf","Neuville",NA,"https://villedeportneuf.com/file-8884"
"Portneuf","Pont-Rouge",NA,"https://villedeportneuf.com/file-8884"
"Portneuf","Portneuf",NA,"https://villedeportneuf.com/file-8884https://villedeportneuf.com/file-8884"
"Portneuf","Rivière-à-Pierre",NA,"https://villedeportneuf.com/file-8884"
"Portneuf","Saint-Alban",NA,"https://villedeportneuf.com/file-8884"
"Portneuf","Saint-Basile",NA,"https://villedeportneuf.com/file-8884"
"Portneuf","Saint-Casimir",NA,"https://villedeportneuf.com/file-8884"
"Portneuf","Saint-Gilbert",NA,"https://villedeportneuf.com/file-8884"
"Portneuf","Saint-Léonard-de-Portneuf",NA,"https://villedeportneuf.com/file-8884"
"Portneuf","Saint-Marc-des-Carrières",NA,"https://villedeportneuf.com/file-8884"
"Portneuf","Saint-Raymond",NA,"https://villedeportneuf.com/file-8884"
"Portneuf","Saint-Thuribe",NA,"https://villedeportneuf.com/file-8884"
"Portneuf","Saint-Ubalde",NA,"https://villedeportneuf.com/file-8884"
"Portneuf","Sainte-Christine-d'Auvergne",NA,"https://villedeportneuf.com/file-8884"
"Portneuf","TNO aquatique de la MRC de Portneuf",NA,"https://villedeportneuf.com/file-8884"
"Rimouski-Neigette","Rimouski",NA,"https://rimouski.ca/faq/couches-lavables"
"Rivière-du-Loup","Cacouna",NA,"https://villerdl.ca/fr/services/services-aux-citoyens/programmes#:~:text=Achat%20de%20couches%20lavables&text=L'incitatif%20vers%C3%A9%20couvre%2050,les%20autres%20cat%C3%A9gories%20de%20produits."
"Rivière-du-Loup","Cacouna",NA,"https://villerdl.ca/fr/services/services-aux-citoyens/programmes#:~:text=Achat%20de%20couches%20lavables&text=L'incitatif%20vers%C3%A9%20couvre%2050,les%20autres%20cat%C3%A9gories%20de%20produits."
"Rivière-du-Loup","Cacouna",NA,"https://villerdl.ca/fr/services/services-aux-citoyens/programmes#:~:text=Achat%20de%20couches%20lavables&text=L'incitatif%20vers%C3%A9%20couvre%2050,les%20autres%20cat%C3%A9gories%20de%20produits."
"Rivière-du-Loup","Cacouna",NA,"https://villerdl.ca/fr/services/services-aux-citoyens/programmes#:~:text=Achat%20de%20couches%20lavables&text=L'incitatif%20vers%C3%A9%20couvre%2050,les%20autres%20cat%C3%A9gories%20de%20produits."
"Rivière-du-Loup","L'Isle-Verte",NA,"https://villerdl.ca/fr/services/services-aux-citoyens/programmes#:~:text=Achat%20de%20couches%20lavables&text=L'incitatif%20vers%C3%A9%20couvre%2050,les%20autres%20cat%C3%A9gories%20de%20produits."
"Rivière-du-Loup","Notre-Dame-des-Sept-Douleurs",NA,"https://villerdl.ca/fr/services/services-aux-citoyens/programmes#:~:text=Achat%20de%20couches%20lavables&text=L'incitatif%20vers%C3%A9%20couvre%2050,les%20autres%20cat%C3%A9gories%20de%20produits."
"Rivière-du-Loup","Notre-Dame-du-Portage",NA,"https://villerdl.ca/fr/services/services-aux-citoyens/programmes#:~:text=Achat%20de%20couches%20lavables&text=L'incitatif%20vers%C3%A9%20couvre%2050,les%20autres%20cat%C3%A9gories%20de%20produits."
"Rivière-du-Loup","Rivière-du-Loup",NA,"https://villerdl.ca/fr/services/services-aux-citoyens/programmes#:~:text=Achat%20de%20couches%20lavables&text=L'incitatif%20vers%C3%A9%20couvre%2050,les%20autres%20cat%C3%A9gories%20de%20produits.https://villerdl.ca/fr/services/services-aux-citoyens/programmes#:~:text=Achat%20de%20couches%20lavables&text=L'incitatif%20vers%C3%A9%20couvre%2050,les%20autres%20cat%C3%A9gories%20de%20produits."
"Rivière-du-Loup","Saint-Antonin",NA,"https://villerdl.ca/fr/services/services-aux-citoyens/programmes#:~:text=Achat%20de%20couches%20lavables&text=L'incitatif%20vers%C3%A9%20couvre%2050,les%20autres%20cat%C3%A9gories%20de%20produits.http://www.municipalite.saint-antonin.qc.ca/communiques/?id=e2020396"
"Rivière-du-Loup","Saint-Arsène",NA,"https://villerdl.ca/fr/services/services-aux-citoyens/programmes#:~:text=Achat%20de%20couches%20lavables&text=L'incitatif%20vers%C3%A9%20couvre%2050,les%20autres%20cat%C3%A9gories%20de%20produits."
"Rivière-du-Loup","Saint-Cyprien",NA,"https://villerdl.ca/fr/services/services-aux-citoyens/programmes#:~:text=Achat%20de%20couches%20lavables&text=L'incitatif%20vers%C3%A9%20couvre%2050,les%20autres%20cat%C3%A9gories%20de%20produits."
"Rivière-du-Loup","Saint-Cyprien",NA,"https://villerdl.ca/fr/services/services-aux-citoyens/programmes#:~:text=Achat%20de%20couches%20lavables&text=L'incitatif%20vers%C3%A9%20couvre%2050,les%20autres%20cat%C3%A9gories%20de%20produits."
"Rivière-du-Loup","Saint-Épiphane",NA,"https://villerdl.ca/fr/services/services-aux-citoyens/programmes#:~:text=Achat%20de%20couches%20lavables&text=L'incitatif%20vers%C3%A9%20couvre%2050,les%20autres%20cat%C3%A9gories%20de%20produits."
"Rivière-du-Loup","Saint-François-Xavier-de-Viger",NA,"https://villerdl.ca/fr/services/services-aux-citoyens/programmes#:~:text=Achat%20de%20couches%20lavables&text=L'incitatif%20vers%C3%A9%20couvre%2050,les%20autres%20cat%C3%A9gories%20de%20produits."
"Rivière-du-Loup","Saint-Hubert-de-Rivière-du-Loup",NA,"https://villerdl.ca/fr/services/services-aux-citoyens/programmes#:~:text=Achat%20de%20couches%20lavables&text=L'incitatif%20vers%C3%A9%20couvre%2050,les%20autres%20cat%C3%A9gories%20de%20produits."
"Rivière-du-Loup","Saint-Modeste",NA,"https://villerdl.ca/fr/services/services-aux-citoyens/programmes#:~:text=Achat%20de%20couches%20lavables&text=L'incitatif%20vers%C3%A9%20couvre%2050,les%20autres%20cat%C3%A9gories%20de%20produits."
"Rivière-du-Loup","Saint-Paul-de-la-Croix",NA,"https://villerdl.ca/fr/services/services-aux-citoyens/programmes#:~:text=Achat%20de%20couches%20lavables&text=L'incitatif%20vers%C3%A9%20couvre%2050,les%20autres%20cat%C3%A9gories%20de%20produits."
"Rivière-du-Loup","Whitworth",NA,"https://villerdl.ca/fr/services/services-aux-citoyens/programmes#:~:text=Achat%20de%20couches%20lavables&text=L'incitatif%20vers%C3%A9%20couvre%2050,les%20autres%20cat%C3%A9gories%20de%20produits."
"Roussillon","Candiac",NA,"https://roussillon.ca/gestion-des-matieres-residuelles/programmes-de-subventions-couches-lavables-compostiere/formulaire-couches-lavables-2/"
"Roussillon","Châteauguay",NA,"https://roussillon.ca/gestion-des-matieres-residuelles/programmes-de-subventions-couches-lavables-compostiere/formulaire-couches-lavables-2/"
"Roussillon","Delson",NA,"https://roussillon.ca/gestion-des-matieres-residuelles/programmes-de-subventions-couches-lavables-compostiere/formulaire-couches-lavables-2/"
"Roussillon","Kahnawake",NA,"https://roussillon.ca/gestion-des-matieres-residuelles/programmes-de-subventions-couches-lavables-compostiere/formulaire-couches-lavables-2/"
"Roussillon","La Prairie",NA,"https://roussillon.ca/gestion-des-matieres-residuelles/programmes-de-subventions-couches-lavables-compostiere/formulaire-couches-lavables-2/"
"Roussillon","Léry",NA,"https://roussillon.ca/gestion-des-matieres-residuelles/programmes-de-subventions-couches-lavables-compostiere/formulaire-couches-lavables-2/"
"Roussillon","Mercier",NA,"https://roussillon.ca/gestion-des-matieres-residuelles/programmes-de-subventions-couches-lavables-compostiere/formulaire-couches-lavables-2/"
"Roussillon","Saint-Constant",NA,"https://roussillon.ca/gestion-des-matieres-residuelles/programmes-de-subventions-couches-lavables-compostiere/formulaire-couches-lavables-2/"
"Roussillon","Saint-Isidore",NA,"https://roussillon.ca/gestion-des-matieres-residuelles/programmes-de-subventions-couches-lavables-compostiere/formulaire-couches-lavables-2/"
"Roussillon","Saint-Isidore",NA,"https://roussillon.ca/gestion-des-matieres-residuelles/programmes-de-subventions-couches-lavables-compostiere/formulaire-couches-lavables-2/"
"Roussillon","Saint-Mathieu",NA,"https://roussillon.ca/gestion-des-matieres-residuelles/programmes-de-subventions-couches-lavables-compostiere/formulaire-couches-lavables-2/"
"Roussillon","Saint-Philippe",NA,"https://roussillon.ca/gestion-des-matieres-residuelles/programmes-de-subventions-couches-lavables-compostiere/formulaire-couches-lavables-2/"
"Roussillon","Sainte-Catherine",NA,"https://roussillon.ca/gestion-des-matieres-residuelles/programmes-de-subventions-couches-lavables-compostiere/formulaire-couches-lavables-2/"
"Roussillon","TNO aquatique de la MRC de Roussillon",NA,"https://roussillon.ca/gestion-des-matieres-residuelles/programmes-de-subventions-couches-lavables-compostiere/formulaire-couches-lavables-2/"
"Roussillon","TNO terrestre de la MRC de Roussillon",NA,"https://roussillon.ca/gestion-des-matieres-residuelles/programmes-de-subventions-couches-lavables-compostiere/formulaire-couches-lavables-2/"
"Rouville","Ange-Gardien",NA,"https://mrcrouville.qc.ca/au-service-des-citoyens/environnement/subventions/"
"Rouville","Marieville",NA,"https://mrcrouville.qc.ca/au-service-des-citoyens/environnement/subventions/"
"Rouville","Richelieu",NA,"https://mrcrouville.qc.ca/au-service-des-citoyens/environnement/subventions/"
"Rouville","Rougemont",NA,"https://mrcrouville.qc.ca/au-service-des-citoyens/environnement/subventions/"
"Rouville","Saint-Césaire",NA,"https://mrcrouville.qc.ca/au-service-des-citoyens/environnement/subventions/"
"Rouville","Saint-Mathias-sur-Richelieu",NA,"https://mrcrouville.qc.ca/au-service-des-citoyens/environnement/subventions/"
"Rouville","Saint-Paul-d'Abbotsford",NA,"https://mrcrouville.qc.ca/au-service-des-citoyens/environnement/subventions/"
"Rouville","Sainte-Angèle-de-Monnoir",NA,"https://mrcrouville.qc.ca/au-service-des-citoyens/environnement/subventions/"
"Rouyn-Noranda","Rouyn-Noranda",NA,"http://www.ville.rouyn-noranda.qc.ca/fr/page/subvention-pour-achat-de-produits-reutilisables/http://www.ville.rouyn-noranda.qc.ca/fr/page/subvention-pour-achat-de-produits-reutilisables/"
"Saguenay","Saguenay","Chicoutimi","https://ville.saguenay.ca/services-aux-citoyens/environnement/reemploi/couches-lavableshttps://ville.saguenay.ca/services-aux-citoyens/environnement/reemploi/couches-lavables"
"Saguenay","Saguenay","Jonquière","https://ville.saguenay.ca/services-aux-citoyens/environnement/reemploi/couches-lavableshttps://ville.saguenay.ca/services-aux-citoyens/environnement/reemploi/couches-lavables"
"Saguenay","Saguenay","La Baie","https://ville.saguenay.ca/services-aux-citoyens/environnement/reemploi/couches-lavableshttps://ville.saguenay.ca/services-aux-citoyens/environnement/reemploi/couches-lavables"
"Saguenay","Saguenay",NA,"https://ville.saguenay.ca/services-aux-citoyens/environnement/reemploi/couches-lavableshttps://ville.saguenay.ca/services-aux-citoyens/environnement/reemploi/couches-lavables"
"Sept-Rivières","Sept-Îles",NA,"https://ville.sept-iles.qc.ca/fr/couches-lavables_156/"
"Shawinigan","Shawinigan",NA,"https://www.shawinigan.ca/services-aux-citoyens/programmes-et-aide-financiere/couches-reutilisables/https://www.shawinigan.ca/services-aux-citoyens/programmes-et-aide-financiere/couches-reutilisables/"
"Shawinigan","TNO aquatique de la MRC géographique de Shawinigan",NA,"https://www.shawinigan.ca/services-aux-citoyens/programmes-et-aide-financiere/couches-reutilisables/"
"Sherbrooke","Sherbrooke","Arrondissement 1","https://www.sherbrooke.ca/fr/services-a-la-population/subventions-et-aide-financiere/produits-d-hygiene-durableshttps://www.sherbrooke.ca/fr/services-a-la-population/subventions-et-aide-financiere/produits-d-hygiene-durables"
"Sherbrooke","Sherbrooke","Arrondissement 2","https://www.sherbrooke.ca/fr/services-a-la-population/subventions-et-aide-financiere/produits-d-hygiene-durableshttps://www.sherbrooke.ca/fr/services-a-la-population/subventions-et-aide-financiere/produits-d-hygiene-durables"
"Sherbrooke","Sherbrooke","Arrondissement 3","https://www.sherbrooke.ca/fr/services-a-la-population/subventions-et-aide-financiere/produits-d-hygiene-durableshttps://www.sherbrooke.ca/fr/services-a-la-population/subventions-et-aide-financiere/produits-d-hygiene-durables"
"Sherbrooke","Sherbrooke","Arrondissement 4","https://www.sherbrooke.ca/fr/services-a-la-population/subventions-et-aide-financiere/produits-d-hygiene-durableshttps://www.sherbrooke.ca/fr/services-a-la-population/subventions-et-aide-financiere/produits-d-hygiene-durables"
"Sherbrooke","Sherbrooke",NA,"https://www.sherbrooke.ca/fr/services-a-la-population/subventions-et-aide-financiere/produits-d-hygiene-durableshttps://www.sherbrooke.ca/fr/services-a-la-population/subventions-et-aide-financiere/produits-d-hygiene-durables"
"Témiscamingue","Ville-Marie",NA,"https://montreal.ca/demarches/demander-une-subvention-pour-lutilisation-de-couches-lavables-pour-bebes?arrondissement=Ville-Marie"
"Témiscouata","Pohénégamook",NA,"http://pohenegamook.net/citoyens/services-municipaux/urbanisme-et-environnement/programme-de-subvention-pour-lachat-de-couches-lavables/"
"Thérèse-De Blainville","Blainville",NA,"https://blainville.ca/storage/app/media/Ville/Administration%20municipale/Soutien%20financier/form_couches_reutilisables.pdf"
"Thérèse-De Blainville","Bois-des-Filion",NA,"https://subventioncoucheslavables.com/mixte/pdf/pDFprog_couche2010boisdesfilion-2.pdf"
"Thérèse-De Blainville","Boisbriand",NA,"https://www.ville.boisbriand.qc.ca/environnement/couches-lavables-et-produits-sanitaires-durables"
"Thérèse-De Blainville","Lorraine",NA,"https://ville.lorraine.qc.ca/environnement/subventions"
"Thérèse-De Blainville","Rosemère",NA,"https://www.ville.rosemere.qc.ca/programmes-de-subventions/"
"Thérèse-De Blainville","Sainte-Anne-des-Plaines",NA,"https://www.villesadp.ca/media/other/33163-_FORMULAIRE_SUBVENTION_COUCHES_LAVABLES_SADP_2021.pdf"
"Trois-Rivières","Trois-Rivières",NA,"https://ressourcesnaissance.ca/couches/https://ressourcesnaissance.ca/couches/"
"Vaudreuil-Soulanges","Les Cèdres",NA,"https://www.ville.lescedres.qc.ca/fr/services-aux-citoyens/environnement/subventions-environnementales"
"Vaudreuil-Soulanges","Les Coteaux",NA,"https://les-coteaux.qc.ca/citoyens/loisirs-vie-communautaire/programmes-de-subvention/"
"Vaudreuil-Soulanges","Notre-Dame-de-l'Île-Perrot",NA,"https://www.ndip.org/services-aux-citoyens/environnement/au-quotidien/initiatives-tellement-environnementales/"
"Vaudreuil-Soulanges","Pincourt",NA,"https://www.villepincourt.qc.ca/fr/services-aux-citoyens/environnement/fr/subventions-environnementales?fbclid=IwAR0S0zzXnT-3Uu3xzDsKfseKMgyns9YyVSP9lop14KpCCATU4wWrhDWa9oI"
"Vaudreuil-Soulanges","Pointe-Fortune",NA,"https://pointefortune.ca/subvention-aux-citoyens/"
"Vaudreuil-Soulanges","Saint-Lazare",NA,"https://ville.saint-lazare.qc.ca/politiquecouches"
"Vaudreuil-Soulanges","Saint-Zotique",NA,"https://st-zotique.com/environnement/?highlight=couche%20lavable#pacc"
"Vaudreuil-Soulanges","Sainte-Marthe",NA,"http://www.sainte-marthe.ca/http-www-sainte-marthe-ca-wp-content-uploads-formulaire-camp-de-jour-2020-pdf/attachment/formulaire-subvention-couches-lavables/"
"Vaudreuil-Soulanges","Vaudreuil-Dorion",NA,"https://www.ville.vaudreuil-dorion.qc.ca/fr/environnement/protection-de-l-environnement/subventions-environnementales"
